-- Banco - estoque
-- 
CREATE TABLE categorias (
	id int primary key,
    descricao varchar(55) NOT NULL
);

INSERT INTO categorias (id, descricao) VALUES (1,'antigos');
INSERT INTO categorias (id, descricao) VALUES (2,'especiais');
INSERT INTO categorias (id, descricao) VALUES (3,'novos');
INSERT INTO categorias (id, descricao) VALUES (4,'devedores');
--
create table clientes
(
	id int primary key,
	nome char(45) not null,
	cpf char(11),
	credito_liberado char(1) not null check( credito_liberado='s' OR credito_liberado = 'n'),
	nascimento date,
	email varchar(50),
    categoria_id int not null,
	constraint categoria_fk foreign key (categoria_id) references categorias(id)
);

create table produtos
(
	id int primary key,
	descricao varchar(100) not null,
	unidade char(4) not null,
	data_cadastro timestamp without time zone not null
);
--
--
create table pedidos
(
	id int primary key,
	cliente int not null,
	funcionario int not null,
	data_pedido date not null,
	data_confirmacao date not null,
	constraint cliente_fk foreign key (cliente) references clientes(id)
);
--
create table pedido_itens
(
	id int primary key,
	quantidade int not null,
	preco_venda numeric(12,2) not null,
	pedido int not null,
	constraint pedido_fk foreign key (pedido) references pedidos(id)
);

ALTER TABLE clientes ADD CHECK (length(cpf)=11);
ALTER TABLE clientes ADD CHECK (nascimento >'1900-01-01' AND nascimento < CURRENT_DATE);
ALTER TABLE clientes ADD CHECK (POSITION('@' IN email)>0);

INSERT INTO clientes (id,nome,cpf,credito_liberado,nascimento,email, categoria_id) VALUES 
(1, 'Dr. Gabriela Zaragoça Escobar', '21815279237', 'n', '1997-03-23', 'deoliveira.emiliano@pena.org', 1),
(2, 'Sra. Valéria Mendes Burgos', '72074766526', 's', '1976-05-07', 'irene.uchoa@leon.net', 3),
(3, 'Agostinho Gian Garcia', '21151653118', 's', '2005-09-05', 'colaco.valentin@hotmail.com', 2),
(4, 'Dr. Anderson Agostinho Perez Filho', '40160364471', 'n', '1986-05-14', 'hugo25@r7.com', 4),
(5, 'Sra. Irene Ávila Jr.', '60845138784', 's', '1979-02-04', 'odelgado@bonilha.com.br', 2),
(6, 'dDr. Alan Jácomo Galindo Filho', '93379981927', 's', '1984-04-10', 'pgalindo@gmail.com', 4),
(7, 'Dr. Francisco Ferminiano Dias', '43168615982', 's', '2016-01-03', 'joao.mares@darosa.com', 2),
(8, 'Srta. Micaela Soto Reis', '63599472441', 's', '2017-08-11', 'pferminiano@ig.com.br', 1),
(9, 'Srta. Vitória Burgos Neto', '31443653889', 's', '1979-12-24', 'rangel.camila@gmail.com', 4),
(10, 'Estêvão Pablo Marques', '56009462941', 's', '2006-08-30', 'sophie45@torres.com', 2),
(11, 'Dr. Hugo Verdara', '45841328050', 'n', '2016-12-11', 'simon48@ig.com.br', 4),
(12, 'Sra. Madalena Allison Maldonado', '24284767494', 's', '2009-09-25', 'noeli.cordeiro@galhardo.org', 2),
(13, 'Thiago Bruno Matos Jr.', '58922313139', 's', '1983-05-27', 'afernandes@ig.com.br', 3),
(14, 'Sr. Thiago Guilherme Galindo Jr.', '65452820491', 's', '1979-03-20', 'serra.ariadna@galindo.net.br', 2),
(15, 'Dr. Malena Gusmão Filho', '67443727431', 's', '1999-12-15', 'elizabeth.soares@carrara.com.br', 1),
(16, 'Tomás Carrara', '69001630912', 's', '2009-10-26', 'qfidalgo@gmail.com', 3),
(17, 'Dr. Vitória Vila Aragão', '51391620356', 's', '1976-10-26', 'violeta18@terra.com.br', 1),
(18, 'Dr. Alessandra Lovato Jr.', '51392652923', 's', '1999-05-29', 'matos.maximiano@ferreira.com.br', 2),
(19, 'Dr. Tábata Ortiz', '94280775967', 's', '1981-10-05', 'vieira.allison@r7.com', 4),
(20, 'Dr. Valentina Valentina Toledo Neto', '81490656957', 'n', '1998-06-22', 'abril69@yahoo.com', 2),
(21, 'Sr. Teobaldo Ramos de Aguiar Filho', '27818737588', 'n', '2006-07-24', 'ivan92@yahoo.com', 3),
(22, 'Srta. Ornela Pâmela Romero', '61613185522', 's', '2007-09-11', 'zespinoza@teles.org', 1),
(23, 'Christopher Antônio Gusmão', '46986298328', 's', '1998-06-18', 'luna.maldonado@franco.com', 2),
(24, 'Srta. Joana Melissa Queirós', '94734147829', 's', '1978-07-11', 'valentin.josue@ig.com.br', 1),
(25, 'Dr. Mariana Julieta Ferminiano', '10648335726', 'n', '1986-03-23', 'valentin99@terra.com.br', 3),
(26, 'Thales Vasques Filho', '67136772540', 's', '2014-05-31', 'alma.maia@r7.com', 3),
(27, 'Beatriz Ferreira Paes Neto', '47738994448', 's', '1983-11-20', 'sanches.eduardo@hotmail.com', 4),
(28, 'Sr. Ian Uchoa', '69823391484', 's', '1996-01-09', 'pdasilva@fontes.net', 3),
(29, 'Manuel Camacho Medina Neto', '60155755202', 's', '2004-06-20', 'hernani61@r7.com', 2),
(30, 'Maximiano Pontes Neto', '19701923923', 's', '1994-04-07', 'perez.cristovao@terra.com.br', 1),
(31, 'Julieta Júlia Cortês Neto', '63754646489', 's', '1991-12-30', 'horacio.fonseca@torres.com.br', 4),
(32, 'Dr. Samuel Martines', '64221763499', 's', '2016-07-11', 'rios.olivia@vasques.com', 1),
(33, 'Luana Delatorre Gonçalves', '99580700951', 's', '1998-08-27', 'rzaragoca@espinoza.com', 3),
(34, 'Jasmin Neves Jr.', '59918706556', 'n', '2010-10-11', 'pamela76@campos.com', 2),
(35, 'Dr. Vicente Demian Feliciano Filho', '46454504039', 'n', '2009-11-18', 'maldonado.lucas@santacruz.com', 3),
(36, 'Benjamin Luciano Perez Filho', '22317723203', 'n', '1978-10-01', 'pedrosa.hernani@pereira.net', 3),
(37, 'Sr. Natal Madeira Perez Filho', '21113465544', 'n', '1989-03-31', 'noeli.vale@terra.com.br', 4),
(38, 'Dr. Cristóvão Furtado', '63952796440', 's', '1986-04-21', 'isabella.madeira@terra.com.br', 4),
(39, 'Sr. Tomás Vieira Ferraz', '96012702090', 's', '2006-02-25', 'hortencia63@terra.com.br', 2),
(40, 'Sra. Natália Ivana Serrano', '34764234349', 'n', '2000-06-23', 'cqueiros@uol.com.br', 2),
(41, 'Mel Abril Azevedo Neto', '37703745327', 's', '1980-10-11', 'sfurtado@uol.com.br', 1),
(42, 'Dr. Bruno Pacheco', '48392167286', 'n', '1989-06-14', 'corona.hugo@rosa.com.br', 4),
(43, 'Srta. Isadora de Oliveira Urias', '47958348225', 'n', '1996-08-26', 'malena.deoliveira@prado.net.br', 3),
(44, 'Elizabeth Tessália Ramos', '47211538464', 's', '1973-02-16', 'vega.olivia@pedrosa.br', 3),
(45, 'Srta. Julieta Marques', '63321013632', 'n', '2013-04-26', 'gabriela.deaguiar@pedrosa.com', 3),
(46, 'Sr. Felipe Matias Queirós', '52150679682', 'n', '2013-10-04', 'ysalas@hotmail.com', 3),
(47, 'Dr. Fátima Prado Ortega', '12050438108', 's', '1992-11-05', 'franco64@santana.br', 3),
(48, 'Sofia de Aguiar Jr.', '65522485463', 'n', '2004-01-10', 'joao.delatorre@yahoo.com', 1),
(49, 'Luara da Rosa Leal', '71435192362', 'n', '2001-03-10', 'sergio.saraiva@ortega.com', 4),
(50, 'Dr. Hernani Bezerra Filho', '25330687314', 'n', '1981-12-28', 'catarina.teles@hotmail.com', 3),
(51, 'Srta. Luciana Flores', '11760834511', 'n', '1996-06-18', 'david.valencia@estrada.com', 1),
(52, 'Dr. Martinho Inácio Rocha', '54584356718', 'n', '1981-05-09', 'dasilva.emiliano@brito.com.br', 2),
(53, 'Jasmin Gusmão Gonçalves', '81491315481', 's', '1973-09-24', 'aaron90@gmail.com', 2),
(54, 'Estêvão Lutero Franco Sobrinho', '19705474874', 's', '1982-11-17', 'qquintana@beltrao.org', 3),
(55, 'Malena Delatorre Jr.', '85987002388', 'n', '2004-05-13', 'epontes@gmail.com', 3),
(56, 'Dr. Evandro Pena', '22347625768', 'n', '1981-06-19', 'amelia86@yahoo.com', 4),
(57, 'Sra. Manuela Bittencourt Sobrinho', '54842278356', 'n', '1972-03-08', 'casanova.regina@chaves.com', 3),
(58, 'Dr. Giovane Delvalle', '75921645555', 'n', '2004-07-12', 'mazevedo@barreto.br', 3),
(59, 'Srta. Jasmin da Silva Filho', '92909041889', 'n', '2006-02-23', 'antonio.campos@gmail.com', 1),
(61, 'Rodrigo Franco Ferreira Sobrinho', '14656005264', 'n', '2003-05-16', 'delgado.alan@uol.com.br', 1),
(62, 'Everton Fernandes Filho', '79535383079', 'n', '1998-09-30', 'alexa.galindo@pontes.com.br', 2),
(63, 'José Ramos Marinho Filho', '26354635022', 's', '2016-03-31', 'ornela.verdugo@queiros.com.br', 3),
(64, 'Manuel Uchoa Cruz', '53482125303', 's', '1980-07-14', 'psalas@domingues.com', 2),
(65, 'Helena Pedrosa Prado Sobrinho', '64195359330', 's', '2009-07-06', 'marinho.valeria@ferreira.br', 1),
(66, 'Michele Aguiar Filho', '60572860874', 'n', '1992-12-07', 'bianca70@vasques.com.br', 3),
(67, 'Julieta Miranda Ávila', '99324228460', 'n', '2002-04-18', 'allison.salazar@fernandes.com', 4),
(68, 'Jácomo Branco Verdugo', '73313837749', 'n', '1995-11-05', 'amanda.delvalle@delatorre.br', 2),
(69, 'Henrique Prado', '94248106116', 's', '1998-11-29', 'batista.madalena@gmail.com', 4),
(70, 'David Burgos Velasques Sobrinho', '45923394132', 's', '2010-06-08', 'carrara.violeta@uol.com.br', 3),
(71, 'Dr. Ian Isaac Esteves', '97264251578', 's', '2013-08-31', 'isabel.vale@hotmail.com', 3),
(72, 'Catarina Vasques', '63041914110', 's', '1979-01-22', 'dominato.suzana@rodrigues.br', 1),
(73, 'Alessandra Jimenes Jr.', '73907710844', 'n', '1978-12-26', 'christopher.roque@ortega.com.br', 3),
(74, 'Abril Isadora Soto Sobrinho', '23221364156', 'n', '1988-12-12', 'josue33@rico.net', 3),
(75, 'Dr. Tomás Salas Padilha Sobrinho', '25304356864', 's', '2006-09-14', 'blovato@terra.com.br', 2),
(76, 'Horácio Carrara', '15213448470', 's', '1990-06-26', 'catarina.dominato@furtado.com.br', 4),
(77, 'Hernani Vasques Santacruz Filho', '54797212048', 'n', '1990-11-15', 'fzambrano@delatorre.net.br', 3),
(78, 'Sr. Anderson Casanova Estrada Sobrinho', '65722595145', 's', '1988-04-14', 'barros.luciana@sandoval.net', 4),
(79, 'Sra. Ariana Ariadna Maia Sobrinho', '68829650436', 's', '1973-02-27', 'luciano30@uol.com.br', 1),
(80, 'Laura Ramires das Dores Filho', '91728795869', 'n', '2005-01-25', 'pdasdores@hotmail.com', 4),
(81, 'Srta. Mel Clara Mendes', '70156434294', 'n', '1975-10-05', 'gil.paulina@hotmail.com', 1),
(82, 'Sr. Valentin Christian Valência Sobrinho', '26782863731', 's', '2002-05-05', 'leandro06@lutero.com', 3),
(83, 'Sabrina Galvão Gil', '22780268094', 's', '1978-01-17', 'emilio.vieira@terra.com.br', 3),
(84, 'Jorge Natal Bonilha Jr.', '38153520850', 's', '2008-04-03', 'abreu.micaela@galindo.br', 2),
(85, 'Sra. Emília Gomes', '44574733339', 's', '2017-01-10', 'vila.miranda@uol.com.br', 4),
(86, 'Samuel Maia Maldonado Neto', '11347677428', 's', '2005-04-05', 'pdarosa@ferreira.com.br', 2),
(87, 'Maximiano Joaquin Santacruz Filho', '58485422991', 's', '1995-06-01', 'salome88@matos.com.br', 1),
(88, 'Josué Martines Sobrinho', '20092638880', 's', '1989-04-27', 'henrique.gusmao@terra.com.br', 4),
(89, 'Julieta Carrara Jr.', '45640793195', 's', '1977-08-09', 'msalas@ig.com.br', 1),
(90, 'Dr. Samuel Uchoa', '40914156567', 's', '2012-05-12', 'henrique46@r7.com', 3),
(91, 'Sophie Rebeca das Neves', '99754623179', 'n', '1999-12-08', 'goncalves.emilia@estrada.com', 4),
(92, 'Sra. Ashley Duarte', '57423242488', 'n', '1983-12-07', 'fabio.pontes@uol.com.br', 3),
(93, 'Sr. Miguel Gonçalves Medina Jr.', '54552840762', 's', '1986-10-25', 'jfurtado@ig.com.br', 1),
(94, 'Jorge Faria Urias', '51901777810', 'n', '2012-05-16', 'domingues.rebeca@pacheco.com.br', 2),
(95, 'Dr. Fernando Verdugo Sobrinho', '98141186656', 'n', '1992-10-14', 'norma21@terra.com.br', 3),
(96, 'Dr. Kevin Solano Filho', '36103320326', 's', '1975-04-20', 'david.leon@terra.com.br', 2),
(97, 'Dr. Valéria Alma Sepúlveda Jr.', '30663700909', 's', '1971-01-15', 'pedro.lovato@ig.com.br', 3),
(98, 'Sr. Alonso Barros', '60488391029', 'n', '2009-12-28', 'luis.rico@gmail.com', 1),
(99, 'Sr. Ziraldo Perez', '34761292887', 's', '1983-12-14', 'nadia.vila@hotmail.com', 2),
(100, 'Dr. Alonso Domingues Maia Neto', '10600676685', 'n', '1993-06-06', 'adelgado@quintana.com.br', 4),
(101, 'Madalena Caldeira Sobrinho', '88030893225', 's', '1977-05-05', 'miguel.toledo@r7.com', 3),
(102, 'Sra. Carolina Sandoval Jr.', '45280850888', 'n', '2015-11-24', 'malena56@maia.com', 4),
(103, 'Sr. Everton das Neves', '91070400979', 'n', '2002-04-16', 'padrao.abril@faria.org', 3),
(104, 'Nicole Lovato Jr.', '87652393677', 's', '1970-04-15', 'mario.burgos@hotmail.com', 3),
(105, 'Kevin Fidalgo Santana', '88416199758', 's', '1984-01-22', 'matias13@valdez.com.br', 2),
(106, 'Sophie Valéria Delgado Neto', '58202157244', 's', '2011-09-27', 'jaguiar@gmail.com', 2),
(107, 'Teobaldo Guilherme Perez Jr.', '53068509898', 'n', '1997-10-21', 'velasques.madalena@sanches.net', 2),
(108, 'Horácio Faria Sales Neto', '58587271077', 'n', '1982-01-01', 'ashley22@terra.com.br', 4),
(109, 'Jorge Diego Sandoval', '84897122085', 'n', '1992-09-25', 'mleon@yahoo.com', 3),
(110, 'Srta. Helena Valentina Maldonado Neto', '51461751614', 's', '1982-12-30', 'matos.lucas@hotmail.com', 3),
(111, 'Sofia Mia Oliveira Jr.', '94348945650', 's', '2012-12-27', 'leonardo66@terra.com.br', 4),
(112, 'Thiago Fernandes Vila Jr.', '70836831638', 'n', '1998-10-20', 'queiros.alonso@rivera.com', 3),
(113, 'Dr. Jácomo Escobar Galvão Filho', '60797317763', 's', '1993-11-05', 'luzia.brito@delgado.org', 3),
(114, 'Sra. Natália Guerra Jr.', '85017385757', 's', '1976-01-25', 'martines.simon@gmail.com', 3),
(115, 'Tessália Ferreira Filho', '72089789034', 's', '1978-06-20', 'avasques@queiros.com.br', 1),
(116, 'Dr. Pedro Valentin Rico Neto', '40787205435', 's', '1970-05-09', 'vasques.ivan@lovato.com.br', 4),
(117, 'Mariana Rocha Queirós Filho', '29803174706', 'n', '2002-11-30', 'alma.serrano@sales.net.br', 2),
(118, 'Dr. Silvana Delatorre Mendonça Sobrinho', '74072223966', 'n', '1970-11-02', 'casanova.sabrina@delvalle.org', 4),
(119, 'Dr. Fabiana Laura Galindo Sobrinho', '77955477228', 's', '1988-07-13', 'obenites@ortiz.com.br', 2),
(120, 'Ana Ornela Valentin Neto', '59318176470', 'n', '1998-08-19', 'isabella65@galindo.com.br', 2),
(121, 'Dr. Ivana Ferminiano Sobrinho', '23780577871', 'n', '2003-11-29', 'allison90@cervantes.com.br', 1),
(122, 'Dr. Helena Valência Carmona Neto', '87415383462', 's', '1972-04-15', 'pfaro@uol.com.br', 1),
(123, 'Henrique Lovato Solano Neto', '12428617593', 'n', '1978-04-30', 'mariana20@toledo.com.br', 2),
(124, 'Sra. Elizabeth Andrea Burgos Filho', '75869023674', 'n', '2011-11-17', 'ebranco@zaragoca.br', 2),
(125, 'Tomás Bonilha Rodrigues', '78712566765', 's', '1998-06-14', 'ppaz@r7.com', 1),
(126, 'Sr. Pedro Jimenes', '13914258759', 's', '2008-12-07', 'estrada.leonardo@deaguiar.br', 4),
(127, 'Sr. Thiago Fonseca Pontes Filho', '13953250534', 's', '2008-11-10', 'alessandra92@queiros.com.br', 2),
(128, 'Dr. Jasmin Ornela Benites Neto', '33159357132', 'n', '2008-06-12', 'fatima.godoi@uol.com.br', 1),
(129, 'Srta. Alma das Neves Maia Filho', '79696904658', 's', '1971-05-08', 'antonio14@gmail.com', 3),
(130, 'Manuel Josué Neves Neto', '44901332771', 'n', '2004-07-03', 'ashley.jimenes@ig.com.br', 4),
(131, 'Srta. Isabella Lutero', '62988213435', 'n', '1985-01-31', 'flores.noeli@brito.com.br', 2),
(132, 'Sr. Christopher Bezerra Jr.', '79130161814', 's', '1993-03-22', 'emilia.pedrosa@aragao.org', 4),
(133, 'Dr. Matias Agostinho Pedrosa', '27591559430', 's', '2011-03-28', 'ricardo05@r7.com', 3),
(134, 'Sra. Micaela Regina Delgado Sobrinho', '78306321231', 'n', '1999-05-01', 'valeria.serrano@reis.net', 3),
(135, 'Sra. Michele Lozano Chaves Filho', '46259925281', 's', '1972-08-27', 'rflores@yahoo.com', 3),
(136, 'Ian Luciano Assunção', '18816194385', 's', '1988-05-01', 'alonso06@ig.com.br', 3),
(137, 'Srta. Ana Rosa Verdara', '50876357695', 'n', '1989-08-06', 'marinho.lucas@santana.net', 4),
(138, 'Srta. Luana Luara Flores', '21576501112', 'n', '1978-06-03', 'sanches.fatima@abreu.br', 4),
(139, 'Lucas Soto', '42917408752', 's', '1978-05-22', 'abril.flores@pontes.com', 2),
(140, 'Simon Velasques Sobrinho', '46228799168', 's', '1986-03-10', 'bittencourt.joana@garcia.com', 4),
(141, 'Madalena Galvão Paes', '62260086559', 's', '1988-09-26', 'xcordeiro@hotmail.com', 2),
(142, 'Gustavo Ortega Sobrinho', '85689581786', 'n', '2003-01-01', 'andres.escobar@uol.com.br', 2),
(143, 'Dr. Fabiana Queirós', '11583873131', 's', '2005-03-15', 'nsolano@uol.com.br', 4),
(144, 'Srta. Nádia Maitê Bittencourt', '31812071977', 's', '1987-11-19', 'espinoza.christopher@leon.com.br', 4),
(145, 'Antonieta Salas Filho', '30595682645', 'n', '1997-07-22', 'batista.guilherme@gil.com', 2),
(146, 'Sr. Máximo Solano Salas', '13291625175', 's', '1986-11-06', 'beltrao.gian@uol.com.br', 1),
(147, 'Sr. José Montenegro', '54137275391', 'n', '2014-09-29', 'verdara.laura@pereira.net', 2),
(148, 'Sra. Luna Giovana Ramires Filho', '43678045803', 'n', '1976-10-16', 'vfeliciano@yahoo.com', 3),
(149, 'Sra. Amélia Rivera', '10439585852', 's', '2000-01-30', 'marques.daniela@hotmail.com', 1),
(150, 'Pedro Roque Vasques Neto', '68032355508', 's', '2017-12-28', 'zvelasques@gmail.com', 1),
(151, 'Miranda Torres Filho', '50980497729', 's', '2015-04-16', 'tais.darosa@gmail.com', 2),
(152, 'Dr. Demian Leonardo Correia Sobrinho', '65743552921', 's', '1973-06-23', 'andres.molina@hotmail.com', 2),
(153, 'Michele Ferreira Neto', '46860293974', 'n', '2013-02-07', 'camilo.rocha@yahoo.com', 4),
(154, 'Leonardo Leal Ferreira', '14221380199', 'n', '2000-10-18', 'nferreira@ig.com.br', 4),
(155, 'Dr. Julieta Marques Pontes', '40564298108', 's', '1986-01-28', 'julieta96@roque.com', 4),
(156, 'Miguel Ricardo Batista Neto', '94584239963', 's', '1983-06-15', 'zescobar@ig.com.br', 1),
(158, 'Franco Vega Roque', '73424362321', 'n', '1976-09-25', 'medina.juliana@yahoo.com', 1),
(159, 'Isabella Constância Zaragoça', '48800703720', 'n', '2004-07-17', 'rodrigo58@godoi.com', 2),
(160, 'Sra. Abgail Rocha', '57898569153', 's', '1982-02-05', 'zcordeiro@r7.com', 4),
(161, 'Sophie Padrão', '95268141655', 's', '1973-04-24', 'mia63@uol.com.br', 3),
(162, 'Ariadna Paes Oliveira', '82432810533', 's', '1972-07-09', 'alexandre.gusmao@bonilha.org', 3),
(163, 'Isabel Fabiana Fernandes Filho', '77219417802', 'n', '2009-07-12', 'luara.tamoio@carrara.net', 4),
(164, 'Micaela Gomes Lovato', '94037857768', 's', '1983-08-15', 'gusmao.carolina@dasilva.com', 3),
(166, 'Norma Saraiva Mascarenhas', '49557845811', 's', '1998-02-25', 'queiros.vicente@yahoo.com', 2),
(167, 'Dr. Bruno Ivan Perez', '78882537260', 'n', '2000-03-20', 'ariadna.deaguiar@hotmail.com', 1),
(168, 'Luana Mariana Medina', '39441419886', 's', '2000-06-02', 'salome68@r7.com', 1),
(169, 'Sra. Rebeca Isabella Serra Jr.', '73835883424', 's', '1976-04-23', 'madeira.rebeca@terra.com.br', 1),
(170, 'Francisco Ortiz Delatorre', '78578415829', 's', '2015-04-02', 'manuela.aragao@duarte.com', 3),
(171, 'Pâmela Irene Ortega', '32166483611', 'n', '1995-06-17', 'fontes.gabriel@verdugo.com', 3),
(172, 'Agostinho Ziraldo Faria Neto', '94828286115', 's', '1980-09-27', 'daniel.sandoval@ig.com.br', 3),
(173, 'Gabriela Isabella Domingues Neto', '34640643899', 'n', '1977-05-07', 'psales@ig.com.br', 2),
(174, 'Beatriz Valentin das Dores Sobrinho', '35080216173', 's', '2005-08-26', 'vdesouza@madeira.com', 4),
(175, 'Rebeca Martines', '14206242524', 'n', '2005-09-13', 'suzana.gomes@r7.com', 1),
(176, 'Mateus Miguel Delgado Neto', '32648771363', 'n', '1973-08-27', 'antonieta.reis@bittencourt.br', 3),
(177, 'Andrea Suzana Feliciano', '71080176937', 's', '2004-08-17', 'luis.dasilva@r7.com', 4),
(178, 'Maitê Andrea Carmona', '81915741991', 's', '1970-11-01', 'cervantes.jasmin@padrao.com.br', 4),
(179, 'Christopher Tomás Rangel Filho', '95134966205', 'n', '1985-12-21', 'kbarreto@r7.com', 2),
(180, 'Srta. Jasmin Molina Gil Sobrinho', '52732532625', 'n', '1994-04-17', 'juliana.goncalves@franco.com', 1),
(181, 'Silvana Rangel', '10107501260', 's', '2011-07-25', 'diego.azevedo@hotmail.com', 4),
(182, 'David Velasques Matias', '80199943026', 's', '1987-06-12', 'flores.paula@vasques.net.br', 3),
(183, 'Sara Aranda Sobrinho', '28923931252', 'n', '1991-02-13', 'jeronimo.rico@r7.com', 4),
(184, 'Dr. Ricardo Batista Jr.', '86376916705', 's', '1979-09-25', 'barreto.alexa@matos.com.br', 4),
(185, 'Bianca Maitê Maia', '35701392856', 's', '2012-10-10', 'fmaldonado@hotmail.com', 3),
(186, 'Mário Kevin Carmona Sobrinho', '87715940279', 'n', '1975-11-27', 'isaac57@fonseca.com.br', 1),
(187, 'Máximo Carmona Neto', '99293185160', 'n', '1994-08-08', 'ivana57@yahoo.com', 3),
(188, 'Júlia Correia', '71303369794', 's', '1972-01-01', 'andres92@mascarenhas.com.br', 1),
(189, 'Dr. Benjamin Barros Vasques Filho', '66864050724', 'n', '2013-10-04', 'mia.casanova@ig.com.br', 2),
(190, 'Emílio Bonilha Neto', '41414763177', 's', '2014-02-27', 'trocha@uol.com.br', 1),
(191, 'Sra. Maitê Sofia de Oliveira', '59332816847', 'n', '1978-10-16', 'luciana76@r7.com', 3),
(192, 'Dr. Horácio Delvalle Ferminiano Filho', '42113280813', 'n', '2004-07-02', 'lucas09@hotmail.com', 4),
(193, 'Malena Bezerra Ramos', '60767824570', 's', '1995-08-08', 'dpontes@r7.com', 4),
(194, 'Srta. Vitória Faro', '83609969667', 'n', '1996-05-11', 'ucorona@colaco.net.br', 2),
(195, 'Dr. Vicente Maximiano Perez Filho', '53765262598', 's', '1981-10-10', 'valencia.franco@lovato.br', 2),
(196, 'Sr. Santiago Isaac Brito Sobrinho', '48684582845', 'n', '1975-04-13', 'carmona.matias@maldonado.net.br', 2),
(197, 'Dr. Valentin das Dores Galvão Jr.', '96469927281', 's', '1987-05-08', 'josefina82@sandoval.com', 4),
(198, 'Dr. José Leandro Sandoval', '93615415715', 's', '1983-10-29', 'lutero.joao@dasdores.com.br', 4),
(199, 'Inácio Leonardo Burgos', '71073555024', 'n', '1971-12-18', 'ketlin20@madeira.com.br', 1),
(200, 'Joaquin Agostinho Ávila Neto', '19734158082', 'n', '1992-05-31', 'serra.maite@leal.net', 4),
(201, 'Andrea Mia Vasques Filho', '18061671177', 's', '2007-02-12', 'ucarmona@uol.com.br', 1),
(202, 'Alexandre Queirós', '36219486841', 's', '1994-07-13', 'gusmao.carolina@colaco.org', 2),
(203, 'Salomé Martines Bonilha Filho', '55203377450', 'n', '1982-11-22', 'hdacruz@r7.com', 1),
(204, 'Julieta Velasques Filho', '53794589871', 's', '1976-07-18', 'renata.marin@benites.br', 4),
(205, 'Sra. Rebeca Roque da Cruz', '49405141072', 's', '1971-06-13', 'ivana.leal@r7.com', 4),
(206, 'Franco Cristóvão Valentin', '61958319982', 's', '1990-01-22', 'zfontes@uol.com.br', 2),
(207, 'Luciano Garcia', '23035368551', 'n', '1993-02-13', 'fpacheco@hotmail.com', 3),
(208, 'Alexa Ferraz', '82811164236', 'n', '1994-12-23', 'jimenes.renata@ortiz.com', 2),
(209, 'João Campos Aguiar Filho', '35987383266', 'n', '2002-12-19', 'luana.valencia@pena.com.br', 1),
(210, 'Dr. Irene Beatriz Cordeiro', '41019427278', 's', '1984-08-16', 'paulo38@ig.com.br', 4),
(211, 'Christian Serrano Sobrinho', '50957264686', 's', '2010-04-26', 'ramos.ketlin@hotmail.com', 3),
(212, 'Christopher Mendes Sobrinho', '80779975294', 'n', '1972-07-15', 'josue.perez@hotmail.com', 1),
(213, 'Dr. João Pontes Queirós Jr.', '87539230021', 'n', '1985-08-08', 'dmarinho@saraiva.br', 4),
(214, 'Juliana Vega Filho', '31446733148', 's', '2007-06-29', 'ivan.camacho@gmail.com', 4),
(215, 'Sra. Amélia Rios Torres Neto', '85298295770', 'n', '1996-08-23', 'torres.manuela@r7.com', 2),
(216, 'Jorge Esteves', '26130946208', 'n', '1988-09-03', 'sferraz@sandoval.br', 1),
(217, 'Srta. Isadora Bittencourt Vale', '23369507757', 's', '1979-07-13', 'pamela94@marinho.net', 1),
(218, 'Srta. Fátima Noelí Barros Filho', '80902375597', 'n', '2007-04-29', 'garcia.ivana@terra.com.br', 3),
(219, 'Dr. Estêvão Thiago Barreto Filho', '65249759498', 'n', '1976-12-24', 'leonardo74@hotmail.com', 4),
(220, 'Ana Tessália Solano', '71032625688', 'n', '1981-04-30', 'luciano08@uol.com.br', 1),
(221, 'Dr. Josué Martinho Salazar Filho', '53099550725', 's', '2006-01-29', 'ldelatorre@r7.com', 4),
(222, 'Adriana Neves Filho', '97711574933', 's', '1994-09-26', 'domingues.vitoria@uol.com.br', 2),
(223, 'Dr. Ketlin Antonieta de Oliveira', '76629283539', 'n', '2006-12-25', 'nramos@terra.com.br', 1),
(224, 'Julieta Melissa Cruz Filho', '66588118597', 's', '1971-10-13', 'gmarinho@r7.com', 2),
(225, 'Sra. Andrea Ramos Neto', '99221588033', 'n', '2014-03-27', 'adriano83@terra.com.br', 4),
(226, 'Tábata Pedrosa', '18198000025', 's', '2007-01-31', 'ivan.rivera@ig.com.br', 1),
(227, 'Sr. Cristóvão Serrano Serrano', '34776710476', 'n', '1993-01-01', 'andres.leal@dasneves.com', 1),
(228, 'Srta. Daniela Rios Rosa', '47789352000', 'n', '1975-10-05', 'kevin.valentin@queiros.net.br', 1),
(229, 'Antonieta Rezende Neto', '62576468829', 'n', '1998-08-30', 'ymarin@rangel.com', 2),
(230, 'Dr. Juliana Delatorre Filho', '21109691592', 'n', '1973-09-27', 'balestero.alonso@terra.com.br', 2),
(231, 'Sr. Josué das Neves Jr.', '43646054216', 's', '2014-07-08', 'paula28@bezerra.net', 2),
(232, 'Dr. Helena Branco Neto', '63655605083', 'n', '2017-11-07', 'olivia.ortiz@pereira.net.br', 2),
(233, 'Sr. Francisco Gonçalves Jr.', '43311868701', 's', '1999-04-15', 'montenegro.aaron@hotmail.com', 4),
(234, 'Jerônimo Luis Saraiva', '34538095924', 's', '1996-11-05', 'jsaraiva@gmail.com', 3),
(235, 'Taís Ferminiano Jr.', '60168137704', 'n', '1976-11-28', 'ferreira.mateus@gomes.net', 2),
(236, 'Emiliano Santiago Sobrinho', '50287788668', 's', '1978-04-01', 'pamela.cruz@ig.com.br', 4),
(237, 'Sr. Horácio Padilha Filho', '85100272302', 's', '1979-12-27', 'sergio.sandoval@ig.com.br', 2),
(238, 'Luna da Rosa Neto', '33282487499', 'n', '1978-10-06', 'quintana.constancia@terra.com.br', 1),
(239, 'Dr. Simon Paz Santacruz Neto', '69871880835', 'n', '1983-07-05', 'eferreira@paes.net.br', 2),
(240, 'Fernando Camacho Neto', '20145493694', 'n', '1994-11-12', 'sabrina.sepulveda@gmail.com', 4),
(241, 'Dr. Antônio Lozano', '26680881157', 's', '2006-10-19', 'pedro60@gmail.com', 4),
(242, 'Luciana Lozano', '28890748429', 's', '2009-11-18', 'bezerra.mateus@uol.com.br', 4),
(243, 'Srta. Alexa Delatorre Salgado', '97944512171', 's', '1986-12-24', 'pereira.alexandre@gmail.com', 4),
(244, 'Madalena Cruz', '78016246277', 's', '1982-03-02', 'regina.feliciano@ig.com.br', 2),
(245, 'Alexandre Zaragoça Montenegro Jr.', '84554923009', 's', '1974-03-18', 'ycervantes@serra.com.br', 3),
(246, 'Adriano Fidalgo', '41502736909', 's', '2000-09-27', 'dante14@uol.com.br', 4),
(247, 'Taís Tamoio Jr.', '66743933190', 's', '2006-08-13', 'mferminiano@yahoo.com', 2),
(248, 'Sr. Maximiano Santiago Delgado Filho', '47784157483', 's', '2017-06-03', 'fbarros@torres.net.br', 2),
(249, 'Sra. Irene Rosa Filho', '55109912483', 'n', '1997-03-20', 'oduarte@quintana.net.br', 3),
(250, 'Dr. Alexandre Ferreira Abreu Jr.', '82447561090', 'n', '1988-01-22', 'madalena18@hotmail.com', 4),
(251, 'Hortência Nádia Valdez', '90073880618', 'n', '2016-02-23', 'beltrao.jasmin@yahoo.com', 2),
(252, 'Srta. Salomé Ortiz', '21729821963', 'n', '1989-12-27', 'maite81@gmail.com', 1),
(253, 'Sr. Ivan Lozano', '27214805288', 's', '2000-10-05', 'madalena29@valentin.com', 3),
(254, 'Dr. Manuela Ariana Marinho', '51480793748', 'n', '1970-07-09', 'inacio04@uol.com.br', 4),
(255, 'Sra. Josefina Salgado Leal Sobrinho', '45745413387', 's', '1980-09-18', 'salas.ian@vega.com', 4),
(256, 'Benjamin Colaço Filho', '32329800762', 's', '2000-06-14', 'sepulveda.amelia@hotmail.com', 4),
(257, 'Valentin Giovane Pereira', '94558866475', 's', '2011-12-26', 'drios@meireles.com', 1),
(258, 'Dr. Allison Lira Cortês', '63206210643', 's', '2016-11-04', 'martinho.valdez@terra.com.br', 2),
(259, 'Alma Verdugo', '77276089065', 'n', '1994-01-03', 'sergio91@yahoo.com', 3),
(260, 'Carlos Teles Pereira Neto', '39271464645', 'n', '1979-05-12', 'demian15@uol.com.br', 2),
(261, 'Julieta Serna Filho', '37498611616', 's', '1989-04-22', 'helena.rios@leon.com.br', 2),
(262, 'Dr. Antonieta Ketlin Salgado', '46334633519', 's', '2000-11-01', 'simao68@queiros.net', 3),
(263, 'Dr. Carolina Ivana Soto', '59616858591', 's', '2003-03-28', 'manuela56@dasneves.com.br', 1),
(264, 'Hortência Cordeiro Neto', '69804567866', 'n', '1984-05-02', 'pacheco.tais@yahoo.com', 1),
(265, 'Dr. Francisco Francisco Ferraz', '16369031956', 'n', '1980-05-03', 'ddavila@gmail.com', 2),
(266, 'Francisco Andres Serrano Filho', '82872674246', 's', '1971-12-28', 'miranda.valentin@casanova.net', 4),
(267, 'Tábata Azevedo Rodrigues Sobrinho', '79020058517', 's', '1975-03-21', 'luara.vega@davila.net.br', 4),
(268, 'Dr. Luara Saraiva', '94427708885', 'n', '1978-08-15', 'nsoares@ig.com.br', 3),
(269, 'Dr. Sofia Quintana Ramires Filho', '54792347485', 'n', '1978-04-23', 'gmedina@branco.org', 2),
(270, 'Melissa Campos Neto', '89503856217', 's', '1970-03-12', 'wcorreia@serra.com.br', 3),
(271, 'Sra. Miranda Molina Neto', '16892530801', 's', '1982-04-14', 'amelia.dasdores@gmail.com', 2),
(272, 'Ketlin Bittencourt das Neves', '35934569439', 'n', '1997-10-11', 'uesteves@ig.com.br', 2),
(273, 'Srta. Valéria Matias Vila', '74668426811', 'n', '2016-10-17', 'bpaes@goncalves.net.br', 1),
(274, 'Francisco Ferminiano', '90568198706', 'n', '2006-08-13', 'jimenes.suzana@prado.com', 3),
(275, 'Giovane Aragão Jr.', '32105935174', 'n', '1995-07-03', 'nlovato@teles.com.br', 4),
(276, 'Beatriz Feliciano Matias Sobrinho', '48996837278', 's', '1986-03-25', 'henrique.padrao@ig.com.br', 2),
(277, 'Demian Bonilha Vieira Jr.', '15179131701', 'n', '1974-04-29', 'natalia74@vega.net.br', 4),
(278, 'Abgail Valentin Ferraz Sobrinho', '70079749100', 's', '1990-09-09', 'samanta80@ig.com.br', 1),
(279, 'Irene Estrada', '87507973778', 'n', '1996-04-30', 'kgomes@dias.com.br', 1),
(280, 'Srta. Taís Luara das Dores', '83726997212', 's', '1989-05-21', 'galindo.diego@marinho.com', 3),
(281, 'Inácio Brito Quintana Filho', '49023424256', 's', '1991-04-18', 'noel17@uol.com.br', 2),
(282, 'Estêvão Gian Serrano', '17598134749', 'n', '2014-01-31', 'serra.pamela@hotmail.com', 1),
(283, 'Alan Padilha Colaço Filho', '29270784170', 's', '1970-11-12', 'micaela73@gmail.com', 2),
(284, 'Alexa Molina Filho', '28477549897', 'n', '1989-04-17', 'micaela.galindo@dias.net.br', 3),
(285, 'Dr. Antônio Delatorre', '45364057915', 'n', '2011-02-15', 'rebeca41@gmail.com', 4),
(286, 'Dr. Camilo Demian Esteves', '42355682393', 's', '2001-08-30', 'jabreu@darosa.com.br', 3),
(287, 'Sra. Amanda Rafaela Santiago Filho', '74841945325', 'n', '2012-08-14', 'eazevedo@uchoa.com', 2),
(288, 'Amanda Domingues Lozano Jr.', '76568598728', 'n', '2007-04-01', 'emilio75@terra.com.br', 2),
(289, 'Sr. Leandro Assunção Faro', '16988396765', 'n', '1996-01-25', 'joaquin93@yahoo.com', 4),
(290, 'Isaac Galindo Neto', '55071700601', 'n', '1989-04-18', 'valeria53@dasilva.com', 3),
(291, 'Camilo Agostinho Gonçalves', '37614172413', 'n', '1998-10-28', 'aqueiros@ramires.com', 4),
(292, 'Felipe Leon Filho', '79753139391', 's', '2005-10-23', 'cervantes.alonso@ig.com.br', 2),
(293, 'Christopher Urias Neto', '31010023085', 'n', '1996-05-23', 'queiros.clara@uol.com.br', 1),
(294, 'Kevin Gustavo Rico', '56034252378', 'n', '1980-06-23', 'norma41@beltrao.org', 4),
(295, 'Elias Simão Maldonado Filho', '14948454895', 'n', '1979-08-25', 'norma93@terra.com.br', 3),
(296, 'Sr. Isaac Gil Neto', '92787419259', 's', '1993-08-02', 'hgusmao@leon.com.br', 4),
(297, 'Sra. Mia Emília Camacho', '92400447409', 'n', '1993-12-02', 'renata42@lutero.com', 1),
(298, 'Sra. Thalissa Escobar', '50072268522', 'n', '1989-05-03', 'tessalia64@assuncao.org', 4),
(299, 'Sr. Anderson Duarte Romero Jr.', '75406723953', 'n', '1981-05-02', 'irene.aranda@barros.com.br', 1),
(300, 'Dr. José Saraiva Filho', '17577970111', 's', '2002-11-13', 'adriano.carmona@faro.com', 3),
(301, 'Dr. Henrique Josué Meireles Sobrinho', '38447085148', 's', '2016-10-29', 'matias.rios@pontes.org', 4),
(302, 'Mateus Rezende Azevedo', '98779656002', 'n', '1991-10-30', 'thales51@ferreira.com.br', 4),
(303, 'Christopher Benites', '91334603428', 'n', '2001-01-04', 'grego.valentin@ig.com.br', 1),
(304, 'Elizabeth Salgado Salazar Sobrinho', '50089706401', 's', '2006-04-27', 'paula90@uol.com.br', 3),
(305, 'Luciano Urias Sepúlveda', '86856261738', 's', '1978-05-19', 'rlira@ig.com.br', 3),
(306, 'Francisco Flores Maldonado Sobrinho', '18049483429', 'n', '1973-06-03', 'malena.bittencourt@rodrigues.net.br', 3),
(307, 'Santiago Everton Espinoza', '76401477660', 'n', '1984-10-15', 'diego66@lutero.org', 3),
(308, 'Dr. Henrique Bittencourt Queirós Sobrinho', '73381485952', 'n', '2005-08-30', 'joana16@r7.com', 4),
(309, 'Sr. Rafael Campos Sobrinho', '76167194079', 'n', '1999-07-08', 'sanches.diego@cervantes.com', 3),
(310, 'Nádia Paes', '74321597404', 's', '1979-03-12', 'rrios@uol.com.br', 1),
(311, 'Sr. Adriano Martinho Teles', '20436716340', 's', '2006-03-02', 'helena06@gmail.com', 4),
(312, 'Ivan Demian Delvalle', '18443674026', 's', '2004-09-01', 'elias.ferraz@ig.com.br', 4),
(313, 'Aaron Aranda Chaves Jr.', '71117458762', 'n', '1988-10-23', 'vega.demian@serrano.br', 2),
(314, 'Alonso Salas', '31030982537', 's', '2000-11-21', 'franco.alexa@uol.com.br', 3),
(315, 'Srta. Amanda Mascarenhas Barreto', '82383280317', 's', '1970-06-21', 'sandoval.vicente@ig.com.br', 4),
(316, 'Catarina Carmona Rangel', '35203173873', 's', '2004-06-09', 'valeria.deoliveira@hotmail.com', 2),
(317, 'Srta. Gabriela Cortês Campos Neto', '57718012607', 's', '1975-07-06', 'christopher83@barros.com.br', 2),
(318, 'Norma Delatorre Rios', '91115704788', 's', '1971-12-16', 'darosa.noeli@r7.com', 3),
(319, 'Sabrina Vila Fonseca', '26185940001', 'n', '1979-03-12', 'alexa.azevedo@yahoo.com', 4),
(320, 'Dr. Paulina Furtado', '68795996215', 's', '1981-10-21', 'ian.mascarenhas@barros.br', 2),
(321, 'Agustina Michele Verdara Jr.', '82695859717', 'n', '2004-06-05', 'vieira.sergio@espinoza.com', 2),
(322, 'Sr. Elias Santiago', '26448157280', 's', '2008-05-02', 'violeta.deaguiar@gusmao.br', 4),
(323, 'Sara Thalissa Rocha Sobrinho', '16113583105', 'n', '2005-09-23', 'alonso92@cordeiro.net', 1),
(324, 'Alessandra Grego Molina Filho', '34921460496', 's', '1997-02-14', 'batista.kevin@yahoo.com', 2),
(325, 'Dr. Alonso Galhardo', '91095965700', 'n', '1993-01-31', 'eduardo80@feliciano.com', 1),
(326, 'Dr. Sara Aranda Rosa', '19687938885', 's', '1991-01-15', 'zamana.luciano@cortes.br', 4),
(327, 'Dr. Vitória Alma Corona Jr.', '87373044122', 'n', '1972-11-04', 'madalena.delvalle@chaves.org', 4),
(328, 'Sra. Bianca Clara Zamana Filho', '47540440531', 's', '2009-06-26', 'epaes@uol.com.br', 1),
(329, 'Sr. Emílio Zamana', '80527928825', 's', '1985-03-12', 'lozano.hortencia@gomes.com', 3),
(330, 'Dr. Ivan Mateus Delatorre Sobrinho', '41666409913', 'n', '2015-06-28', 'simao.camacho@hotmail.com', 2),
(331, 'Srta. Daniela Alma Campos Neto', '99578778939', 'n', '1983-03-10', 'fgomes@yahoo.com', 1),
(332, 'Isabel Vale Neto', '84391933130', 's', '1974-08-06', 'jose.ferraz@r7.com', 1),
(333, 'Sra. Silvana Luara Delatorre', '53125029616', 'n', '1985-01-16', 'carla.fidalgo@ig.com.br', 3),
(334, 'Cristóvão Padrão Sobrinho', '63845418728', 's', '1978-06-26', 'valeria27@uol.com.br', 4),
(335, 'Dr. Paulo Hernani Pena Jr.', '69470671610', 'n', '1987-04-21', 'guerra.adriano@terra.com.br', 4),
(336, 'Sra. Gabriela Caldeira', '47399627114', 's', '1971-01-04', 'broque@meireles.net', 3),
(337, 'Thalissa Ramos Casanova', '67578777116', 's', '1990-09-12', 'jose.marques@r7.com', 2),
(338, 'Valéria Barros Ortiz Jr.', '36282311761', 's', '1979-07-01', 'salome20@terra.com.br', 2),
(339, 'Srta. Mariana Espinoza Sobrinho', '47889941041', 'n', '2000-04-16', 'elias06@uol.com.br', 2),
(340, 'Dr. Andres Emanuel Rios Filho', '96165953539', 's', '2016-11-26', 'balestero.luana@yahoo.com', 3),
(341, 'Srta. Ivana Vitória Ortega', '84728504386', 'n', '1986-12-17', 'guerra.giovane@yahoo.com', 2),
(342, 'Júlia Padrão Neto', '64164897021', 'n', '1990-10-16', 'santana.salome@uol.com.br', 1),
(343, 'Rafael Estêvão Santacruz Jr.', '57266204976', 'n', '1974-06-12', 'melissa74@godoi.net.br', 1),
(344, 'Samanta Isadora Neves', '28284426573', 'n', '1985-04-30', 'miranda45@uol.com.br', 3),
(345, 'Noelí Zaragoça Jr.', '74343694993', 'n', '1981-02-19', 'paes.giovana@bonilha.com.br', 1),
(346, 'Srta. Taís Sepúlveda', '86563091641', 'n', '1971-05-05', 'daniel13@ig.com.br', 2),
(347, 'Sr. Bruno de Oliveira', '74364286186', 'n', '1984-08-16', 'pablo.esteves@ig.com.br', 3),
(348, 'Paulina Taís Delvalle', '19111617538', 's', '2002-07-22', 'simon.soares@uol.com.br', 4),
(349, 'Srta. Noelí Serrano Sobrinho', '20119349784', 'n', '2004-04-11', 'lucas57@r7.com', 4),
(350, 'Srta. Carolina Violeta Uchoa Sobrinho', '34996722484', 'n', '2009-03-19', 'ymaldonado@paes.net.br', 2),
(351, 'Sra. Micaela Dominato Benites', '78027884131', 'n', '1986-06-25', 'hcampos@saraiva.br', 1),
(352, 'Dr. Jácomo Barros Sobrinho', '66943054185', 's', '1993-01-10', 'mdasdores@gmail.com', 3),
(353, 'Sérgio Luis Verdara Neto', '40929195671', 's', '1993-10-18', 'mel.delvalle@uol.com.br', 1),
(354, 'Sr. Thiago Paes', '63056834484', 'n', '1987-11-20', 'galhardo.aaron@yahoo.com', 4),
(355, 'Christopher Santana', '72697072839', 's', '2004-09-04', 'estevao.galhardo@aguiar.br', 2),
(356, 'Inácio Alan Azevedo', '23267587334', 's', '1999-11-19', 'olivia.pereira@uol.com.br', 4),
(357, 'Andres Bruno Batista', '55873291883', 'n', '1988-10-21', 'gsalazar@padilha.com', 1),
(358, 'Srta. Agustina Tamoio', '80400948398', 'n', '2012-02-08', 'tomas.aragao@molina.net', 4),
(359, 'Natália Pacheco Gusmão Filho', '96854271697', 'n', '2017-01-19', 'natalia77@fonseca.com.br', 1),
(360, 'Henrique Marés Filho', '66780852624', 'n', '2013-12-19', 'acortes@uol.com.br', 1),
(361, 'Dr. Jerônimo Gil Jr.', '23983328649', 'n', '1982-02-02', 'maximo.benites@ig.com.br', 1),
(362, 'Dr. Julieta Fontes Neto', '31372585115', 'n', '1990-10-21', 'luna46@yahoo.com', 1),
(363, 'Srta. Luciana Valentin', '29499160773', 's', '2006-11-17', 'quintana.franco@uchoa.com', 1),
(364, 'Agustina Quintana Sobrinho', '94750772914', 'n', '1998-11-12', 'emilia09@torres.com.br', 2),
(365, 'Dr. Clara Fátima Pacheco', '29669713978', 's', '1998-06-10', 'rosa.nicole@gmail.com', 4),
(366, 'Mariana Pontes Filho', '50790022374', 's', '2000-12-24', 'olivia73@ig.com.br', 2),
(367, 'Sr. Jorge Espinoza Neto', '95351832066', 's', '1976-10-13', 'noeli65@rico.com', 2),
(368, 'Dr. Diego Sandoval', '51435238858', 'n', '2011-01-20', 'alma.zamana@teles.com', 4),
(369, 'Srta. Tábata Sanches Faria Jr.', '41178879574', 'n', '1992-03-11', 'marques.carlos@r7.com', 3),
(370, 'Miranda Ortega', '41484199073', 'n', '1990-08-20', 'teles.abril@uol.com.br', 2),
(371, 'Dr. Franco Isaac Abreu', '60742282522', 's', '2013-06-13', 'madalena.lutero@meireles.com.br', 3),
(372, 'Sr. Francisco Quintana', '15718812732', 'n', '1981-12-20', 'leandro.corona@furtado.com', 3),
(373, 'Dr. Manuel Adriano Marés', '73461036039', 'n', '2009-08-30', 'cprado@hotmail.com', 3),
(374, 'Adriano Verdara Padrão', '76492779217', 's', '1981-01-29', 'xsales@uol.com.br', 2),
(375, 'Antonieta Guerra Marinho Filho', '52754613617', 's', '1983-12-09', 'yvasques@uol.com.br', 3),
(376, 'Sr. Everton Galvão Rios Sobrinho', '35673090522', 's', '1988-05-16', 'adriana03@zamana.com.br', 2),
(377, 'Sr. Hugo da Rosa Roque', '61217832523', 'n', '1974-11-23', 'emilia60@ig.com.br', 2),
(378, 'Sr. Sebastião Urias Jr.', '32553075258', 'n', '1992-06-18', 'alma75@hotmail.com', 2),
(379, 'Sr. Rafael Delvalle Caldeira Neto', '83570423554', 's', '1989-11-05', 'michele79@marques.com', 4),
(380, 'Manuela Nádia Mendonça Filho', '97598594464', 'n', '1974-03-15', 'mia.mendonca@ig.com.br', 2),
(381, 'Sr. Sebastião Maldonado Sobrinho', '34907175009', 'n', '2000-07-15', 'gsolano@molina.com.br', 3),
(382, 'Srta. Sophie Leon Neto', '97582043809', 's', '1990-10-02', 'carmona.andrea@hotmail.com', 4),
(383, 'Dr. Mariana Vale Marés Sobrinho', '86526935505', 'n', '1975-09-03', 'alonso15@r7.com', 4),
(384, 'Paula Quintana Teles', '78061356800', 'n', '1972-03-03', 'zaragoca.alexandre@hotmail.com', 2),
(385, 'Dr. Camilo Horácio Mendonça Jr.', '35770384427', 'n', '1988-08-05', 'abreu.irene@chaves.br', 1),
(386, 'Sr. Pablo Lovato Rosa', '30054833386', 's', '1976-12-12', 'miguel.ferreira@sepulveda.com', 2),
(387, 'Dr. Sara Franco', '14392576003', 'n', '1976-11-20', 'branco.matias@yahoo.com', 2),
(388, 'Sr. Luciano Rocha da Silva Sobrinho', '33650102098', 's', '1993-05-31', 'joao71@ig.com.br', 4),
(389, 'Sr. Ivan Elias Aguiar Filho', '12327609751', 'n', '1974-07-11', 'horacio88@r7.com', 4),
(390, 'Sra. Abgail Prado', '86408366695', 's', '1988-08-12', 'qgalhardo@godoi.com.br', 1),
(391, 'Leonardo Aaron Santiago Neto', '38134261835', 's', '1985-05-13', 'luara.verdara@yahoo.com', 1),
(393, 'Sr. Felipe Aaron Beltrão', '92063416489', 'n', '1989-07-29', 'padilha.paula@r7.com', 2),
(394, 'Simon Urias Sobrinho', '26631082510', 's', '1995-02-15', 'samanta85@padrao.br', 3),
(395, 'Sophie Serrano Neto', '25722930082', 'n', '1999-05-04', 'malena51@fidalgo.net', 4),
(396, 'Emília Thalissa Mascarenhas', '52444232581', 's', '2009-08-18', 'ivana.delvalle@uol.com.br', 3),
(397, 'Josué Benjamin Caldeira Neto', '81078305668', 's', '1989-07-10', 'natal.ramos@abreu.net', 3),
(398, 'Ricardo Batista Cordeiro Neto', '34141477802', 'n', '1981-06-28', 'miranda65@gmail.com', 3),
(399, 'Noelí Camacho Caldeira', '84046544237', 's', '2015-07-26', 'ucamacho@hotmail.com', 1),
(400, 'Srta. Silvana Maitê Gusmão', '96677106469', 'n', '1999-05-27', 'ziraldo.caldeira@romero.org', 3),
(401, 'Dr. Micaela Lutero Jr.', '51706650876', 's', '1976-12-27', 'garcia.fabiana@dias.net.br', 3),
(402, 'Bruno Garcia de Oliveira', '47313159527', 'n', '1970-06-07', 'julieta.pacheco@avila.com.br', 4),
(403, 'Fabiana Serra', '85254617044', 'n', '1986-01-13', 'wtamoio@ig.com.br', 4),
(404, 'Eduardo Galhardo Pedrosa', '86084391260', 'n', '1987-01-02', 'rebeca43@dasilva.org', 3),
(405, 'Pablo Delgado Neto', '65442448263', 's', '1979-02-07', 'juliana.assuncao@meireles.com', 1),
(406, 'Dr. Carla Vieira', '57708033029', 'n', '1997-10-22', 'clara.corona@hotmail.com', 2),
(407, 'Andrea Aragão Filho', '39394654021', 's', '1995-08-10', 'vitoria11@r7.com', 3),
(408, 'Dr. Eduardo Sandoval Neto', '94141443800', 'n', '1975-06-12', 'laura20@sandoval.com.br', 1),
(409, 'Srta. Mia Ana Lovato Sobrinho', '86968121002', 's', '1995-03-01', 'prado.horacio@ig.com.br', 4),
(410, 'Sr. Giovane Antônio Romero', '11024846332', 's', '2012-12-03', 'balestero.ashley@darosa.net', 2),
(411, 'Nádia Caldeira de Oliveira Neto', '41564197256', 's', '1984-10-13', 'drodrigues@salgado.com.br', 1),
(412, 'Mel Ashley Marin', '26461706249', 's', '1986-04-28', 'obezerra@terra.com.br', 1),
(413, 'Hugo Sales Verdara Sobrinho', '66796844415', 's', '1987-12-07', 'gabriel.ferreira@terra.com.br', 3),
(414, 'Sr. Adriano João Marinho Sobrinho', '23359296587', 'n', '1994-04-29', 'nadia.salgado@r7.com', 4),
(415, 'Beatriz Jimenes Jr.', '73957175179', 's', '1997-02-25', 'ziraldo56@chaves.br', 2),
(416, 'Sra. Alessandra Marinho Fidalgo Filho', '29182092109', 'n', '1991-02-14', 'beltrao.ashley@terra.com.br', 3),
(417, 'Dr. Luzia Caldeira Perez Filho', '93406082880', 'n', '2013-09-09', 'constancia85@galvao.com', 4),
(418, 'Srta. Antonieta Mia Caldeira', '55047743613', 'n', '1997-07-19', 'pablo51@uol.com.br', 2),
(419, 'Rodrigo Delatorre Pacheco Sobrinho', '60097535802', 'n', '2006-04-07', 'gdasilva@deaguiar.net', 2),
(420, 'Srta. Carla Beltrão Jr.', '11348372036', 's', '1978-05-17', 'emiliano28@gmail.com', 4),
(421, 'Srta. Carla Grego Cruz Jr.', '51862815329', 's', '2008-09-02', 'eabreu@uol.com.br', 3),
(422, 'Mariana Romero', '50349558391', 's', '1995-10-19', 'daniela.marinho@gmail.com', 1),
(423, 'Sra. Noelí Fontes', '67269503790', 's', '2003-12-01', 'wgusmao@gmail.com', 3),
(424, 'Srta. Gabriela Juliana Rosa Jr.', '38529746388', 'n', '2010-01-21', 'noeli99@r7.com', 3),
(425, 'Valentin Dias de Aguiar Neto', '99645672058', 'n', '1992-08-19', 'michele.faria@gmail.com', 3),
(426, 'Dr. Ivan Fábio Serrano Sobrinho', '59300328548', 's', '2004-09-16', 'michele11@correia.com.br', 4),
(427, 'Dr. Giovane Urias da Rosa Filho', '31801650379', 's', '2015-05-08', 'ortega.anderson@sanches.net', 2),
(428, 'Ricardo Perez Barros Neto', '24702542503', 'n', '2002-07-28', 'luciana.davila@davila.net.br', 4),
(429, 'Elizabeth Faria Fidalgo', '91855871304', 's', '1974-11-16', 'alexa12@verdara.net', 3),
(430, 'Sra. Micaela Galvão Leon Jr.', '90181274088', 's', '1973-08-20', 'bezerra.manuel@branco.net', 2),
(431, 'Dr. Eduardo de Oliveira Pacheco', '33613517228', 'n', '2011-08-26', 'vrico@ig.com.br', 2),
(432, 'Dr. Pedro Rafael Matias', '35155343716', 'n', '2012-06-18', 'verdugo.noeli@ig.com.br', 3),
(433, 'Sr. Horácio Delgado Campos Filho', '60436858669', 'n', '1974-12-16', 'irene.reis@verdara.br', 2),
(434, 'Srta. Mia Lutero Filho', '52803667322', 's', '1989-06-26', 'mares.aaron@barreto.net', 4),
(435, 'Dr. Guilherme Santiago Saraiva Filho', '99687500018', 'n', '1998-05-12', 'reis.sofia@estrada.net', 2),
(436, 'Bianca Vieira Sales', '12674099565', 'n', '1986-02-27', 'luana10@galvao.br', 4),
(437, 'Pedro Domingues', '97513238987', 'n', '2013-06-05', 'rferreira@terra.com.br', 2),
(439, 'Sr. Tomás Valentin Gusmão Filho', '62210379820', 'n', '2015-04-13', 'bruno.vasques@yahoo.com', 3),
(440, 'Dr. Fernando Velasques Burgos Filho', '57108056442', 's', '1979-12-02', 'pbalestero@yahoo.com', 2),
(441, 'Dr. Ashley Rafaela Quintana Sobrinho', '27917300136', 's', '1979-10-21', 'pedro87@queiros.com', 1),
(442, 'Sra. Samanta Valentina das Dores', '55042556095', 's', '2017-05-28', 'henrique.godoi@ig.com.br', 3),
(443, 'Sr. Mateus Rafael Cruz', '72936070738', 'n', '1987-10-09', 'andrea42@gmail.com', 3),
(444, 'Simon Aaron Romero Filho', '97697829492', 's', '1986-06-02', 'ashley07@branco.com', 1),
(445, 'Sr. Joaquin Emiliano Dias Jr.', '71777951894', 's', '1981-07-28', 'pamela.serna@terra.com.br', 1),
(446, 'Sr. Francisco Thales Godói', '42125045820', 'n', '1976-10-31', 'alexandre.deaguiar@uol.com.br', 4),
(447, 'Dr. Miguel Ricardo Ferraz', '25980996349', 's', '2009-06-17', 'icruz@padrao.br', 3),
(448, 'Gustavo Paz Serrano Neto', '64958043871', 's', '2005-12-14', 'sales.miranda@rocha.com.br', 4),
(449, 'Sr. Hugo Zamana Paes Sobrinho', '30336498944', 's', '1997-08-08', 'bmascarenhas@r7.com', 4),
(450, 'Matias Santiago Teles Sobrinho', '33961668293', 's', '1999-01-18', 'tomas.darosa@duarte.com', 4),
(451, 'Sra. Isabella Malena Galvão Neto', '70405308674', 'n', '1978-09-30', 'lrosa@r7.com', 1),
(452, 'Suzana Ketlin Aguiar', '41094798985', 's', '1972-10-09', 'salome.tamoio@perez.com.br', 2),
(453, 'Dr. Maximiano Sanches Leal', '54258879916', 's', '1971-05-13', 'rebeca.campos@hotmail.com', 4),
(454, 'Dr. Laura Soto Filho', '94665495515', 's', '1988-02-01', 'paulina.esteves@soto.com.br', 1),
(455, 'Dr. Eduardo Correia', '97913181665', 'n', '1973-02-11', 'idasilva@cervantes.net.br', 4),
(456, 'Dr. Camila Sophie Guerra Sobrinho', '81234601424', 's', '1984-09-23', 'agostinho.aguiar@reis.br', 3),
(457, 'Dr. Ariadna Laura Corona', '62444446352', 's', '1975-03-03', 'samuel.lovato@terra.com.br', 2),
(458, 'Sra. Rafaela Ferraz', '74608832360', 's', '2002-06-10', 'olivia.carrara@dasneves.br', 1),
(459, 'Dr. Daniel Santana Franco Jr.', '35653735031', 's', '1985-01-30', 'leandro91@lovato.net', 1),
(460, 'Luara Bianca Flores', '36448906655', 's', '2009-01-10', 'fdominato@soto.org', 4),
(461, 'Sara Lovato Paz Neto', '40439592069', 'n', '1990-10-31', 'furtado.elizabeth@r7.com', 2),
(462, 'Dr. Horácio Francisco Vega', '58997347685', 'n', '2011-01-10', 'xoliveira@salgado.com', 3),
(463, 'Dr. Rafael Valentin Salazar', '51638572765', 's', '2014-10-08', 'queiros.luis@medina.br', 3),
(464, 'Srta. Vitória Josefina Campos Filho', '37335115512', 's', '1993-09-21', 'carolina14@velasques.net.br', 4),
(465, 'Dr. Paulo Alexandre Vega Sobrinho', '52774592679', 'n', '2001-03-21', 'bittencourt.suzana@rios.com', 4),
(466, 'Srta. Ivana Aguiar Neto', '99331661867', 'n', '2014-05-15', 'matos.daniel@roque.org', 3),
(467, 'Sra. Isabel Abgail Galhardo', '62926031784', 's', '1970-02-27', 'noel19@yahoo.com', 4),
(468, 'Sra. Malena Matias Uchoa', '47683608927', 'n', '2006-06-01', 'olivia68@hotmail.com', 3),
(469, 'Dr. Thales Sérgio Valência', '50993128838', 's', '1992-05-31', 'dasdores.tomas@terra.com.br', 4),
(470, 'Adriano Guerra Chaves Jr.', '42657481785', 's', '1979-09-20', 'wmendonca@pontes.br', 2),
(471, 'Agustina Bonilha Jr.', '10838656811', 'n', '2009-09-24', 'abgail54@vieira.com', 2),
(472, 'Alonso Sandoval', '74002346177', 'n', '1974-06-12', 'tmarinho@delgado.com.br', 1),
(473, 'Dr. Thales Estêvão Jimenes Sobrinho', '21727590742', 's', '1998-10-03', 'mvaldez@vila.net.br', 4),
(474, 'Srta. Emília Renata Abreu Neto', '66347964876', 's', '1986-05-02', 'ypaes@duarte.br', 2),
(475, 'Dr. Franco Queirós Dominato', '97777017103', 's', '1970-04-13', 'sophie53@r7.com', 4),
(476, 'Srta. Allison Padrão', '69932768070', 's', '2000-02-28', 'bruno15@r7.com', 3),
(477, 'Sra. Ariana Noelí Bezerra', '68302056402', 's', '2001-01-02', 'hortencia71@ig.com.br', 1),
(478, 'Sr. Ivan Gil', '32255562455', 'n', '1970-12-26', 'emilio.furtado@campos.com.br', 4),
(479, 'Taís Neves', '14619284104', 'n', '2016-11-14', 'evandro28@ig.com.br', 3),
(480, 'Taís Miranda Colaço Filho', '97709454731', 's', '1995-07-13', 'luis31@terra.com.br', 4),
(481, 'Jasmin Salgado Neves Jr.', '44279247489', 'n', '1978-04-01', 'inacio15@uol.com.br', 1),
(482, 'Ornela Taís Valentin', '47031775726', 's', '2014-08-14', 'manuela.lutero@solano.br', 4),
(483, 'Julieta Rafaela Lovato', '80953458519', 's', '1993-07-03', 'isabel.marinho@flores.com', 3),
(484, 'Dr. Emanuel Aranda Soto', '57650265120', 's', '1973-04-19', 'everton.serrano@pedrosa.net', 3),
(485, 'Agustina Grego Cruz', '93551615099', 's', '1992-05-21', 'lovato.hugo@yahoo.com', 2),
(486, 'Srta. Valentina Sabrina Soares Sobrinho', '72742844694', 's', '2003-04-07', 'balestero.evandro@uol.com.br', 1),
(487, 'Sr. Emanuel Montenegro Correia', '91751981470', 's', '1978-09-24', 'fespinoza@madeira.com.br', 3),
(488, 'Melissa Alma Marinho Jr.', '62438617409', 's', '2013-04-17', 'pereira.ian@uol.com.br', 1),
(489, 'Laura Zambrano', '48036785447', 'n', '1974-01-04', 'lzambrano@terra.com.br', 1),
(490, 'Dr. Melissa Marques Padilha Neto', '55123298927', 'n', '1983-06-09', 'giovane49@oliveira.net', 3),
(491, 'Srta. Regina Nádia Balestero Sobrinho', '55707407901', 's', '1977-06-28', 'daniel88@uol.com.br', 1),
(492, 'Paulina Vila Jr.', '45159590691', 's', '1984-11-28', 'estevao05@maldonado.com.br', 1),
(493, 'Fabiana Agustina Vila Neto', '25819108858', 's', '1997-07-18', 'rescobar@ig.com.br', 4),
(494, 'Mel Martines Corona', '10551233347', 'n', '1992-06-07', 'hernani.salgado@terra.com.br', 2),
(495, 'Alma Ferminiano Ortiz', '50795291364', 's', '1984-02-28', 'alonso.vega@r7.com', 4),
(496, 'Manuela Fernandes Jr.', '17418536422', 's', '2000-03-04', 'jose.fonseca@avila.com.br', 2),
(497, 'Melissa Galindo', '66240977509', 's', '1986-12-20', 'zamana.david@beltrao.com.br', 3),
(498, 'Regina Luana Verdugo Jr.', '17843637089', 's', '1995-04-19', 'opacheco@assuncao.com.br', 4),
(499, 'Pâmela Amanda Maldonado', '41447499915', 's', '2017-02-24', 'rangel.alan@terra.com.br', 1),
(500, 'Sr. Dante Leon Godói', '55359257757', 'n', '1972-06-24', 'emilia74@gmail.com', 3),
(501, 'Dr. Inácio Sanches', '98583818785', 's', '2013-08-01', 'vasques.samuel@benites.com', 1),
(502, 'Manuela Ferminiano Ortiz', '14388075591', 'n', '1984-01-11', 'gabriel.caldeira@gmail.com', 4),
(503, 'Dr. Agustina Aragão Jr.', '16357967215', 's', '1973-01-24', 'rmedina@gmail.com', 4),
(504, 'Maximiano Christopher Medina Jr.', '69508659737', 's', '1983-12-06', 'darosa.violeta@terra.com.br', 4),
(505, 'Dr. Emília Barreto Padilha Filho', '21496098502', 's', '1982-09-27', 'idias@darosa.br', 3),
(506, 'Laura Dominato Jr.', '61602112944', 's', '1979-10-07', 'kevin39@yahoo.com', 4),
(507, 'Emiliano Guilherme Soares Filho', '12735085496', 'n', '1979-12-10', 'suzana46@guerra.net', 3),
(508, 'Camilo Ramos Medina Jr.', '98067451012', 'n', '1990-07-25', 'lozano.tabata@uol.com.br', 1),
(509, 'Dr. Hortência Balestero Jr.', '15749356723', 'n', '2002-01-03', 'rdavila@velasques.com.br', 4),
(510, 'Thales Pablo Vieira Filho', '24461427545', 'n', '1996-04-29', 'joao.toledo@aragao.com.br', 2),
(511, 'Sr. Giovane Caldeira Sobrinho', '81886903969', 'n', '1985-01-12', 'leandro63@yahoo.com', 2),
(512, 'Julieta Sandoval Abreu Neto', '46340941782', 'n', '1976-07-28', 'pedro.pedrosa@ig.com.br', 1),
(513, 'Srta. Rafaela Faria Martines', '31160497274', 'n', '2016-11-06', 'bruno.esteves@uchoa.org', 3),
(514, 'Dr. Gabriela Bonilha', '38973912489', 's', '2012-10-21', 'eduardo.campos@uol.com.br', 1),
(515, 'Adriano Emanuel Camacho Filho', '88162068543', 's', '2015-01-12', 'maia.maximo@hotmail.com', 3),
(516, 'Ivana Fernandes', '33683847682', 'n', '1979-03-10', 'luciano.duarte@hotmail.com', 4),
(517, 'Srta. Isabella Domingues Abreu Sobrinho', '87392148450', 's', '1983-09-28', 'zcampos@terra.com.br', 4),
(518, 'Dr. David Anderson Bezerra Sobrinho', '17824883502', 'n', '2013-05-23', 'nneves@batista.com.br', 1),
(519, 'Alexa Laura Domingues Filho', '38792646038', 'n', '1977-02-13', 'xrosa@ig.com.br', 4),
(520, 'Srta. Juliana Ferreira', '63097556368', 'n', '1990-11-02', 'henrique.dasneves@yahoo.com', 3),
(521, 'Paulo Garcia Jr.', '89603304858', 's', '2005-02-17', 'ivana95@r7.com', 2),
(523, 'Violeta Branco Matias', '18287248979', 'n', '1998-08-09', 'lduarte@gmail.com', 4),
(524, 'Srta. Julieta Paulina Corona Filho', '21092398175', 'n', '1983-08-31', 'rodrigo.azevedo@gmail.com', 4),
(525, 'Agostinho Bittencourt Rios Sobrinho', '45725249797', 'n', '2005-07-07', 'imaldonado@montenegro.org', 4),
(526, 'Rafael Samuel Santana Filho', '73756270767', 'n', '1987-01-27', 'gabriela83@padilha.com.br', 4),
(527, 'Valentin Aragão', '92100592032', 'n', '1988-11-21', 'carmona.alan@tamoio.net.br', 3),
(528, 'Pablo Flores Rezende', '97980461232', 'n', '1986-12-05', 'bquintana@yahoo.com', 1),
(529, 'Sr. Isaac Torres Filho', '81517542037', 'n', '2003-05-12', 'jacomo25@terra.com.br', 2),
(530, 'Luzia Serra Bezerra', '88427154696', 'n', '1985-11-01', 'rlira@matias.net', 1),
(531, 'Rebeca Luara Padrão', '42363869627', 'n', '1970-07-08', 'azevedo.joaquin@uol.com.br', 2),
(532, 'Ivan Noel Zaragoça Filho', '30494358302', 'n', '1973-06-28', 'fatima.delatorre@hotmail.com', 4),
(533, 'Sra. Tábata Rivera Delgado Filho', '44929258674', 's', '2005-12-18', 'lira.emilio@padilha.net', 4),
(534, 'Camila Santacruz Marin', '42775562852', 'n', '2014-11-16', 'moliveira@fonseca.org', 2),
(535, 'Sr. Natal Duarte Grego Sobrinho', '27224724348', 's', '1990-07-14', 'fabiana82@sanches.net', 2),
(536, 'Mia Sara Chaves Filho', '99888106998', 's', '1992-02-11', 'gabriel76@ig.com.br', 2),
(537, 'Dr. Pedro Maia Sobrinho', '85131982509', 'n', '1987-09-09', 'padrao.gustavo@r7.com', 4),
(538, 'Sra. Miranda Rivera Salgado', '82107501747', 's', '1971-04-25', 'delatorre.jasmin@balestero.net', 3),
(539, 'Sr. José de Aguiar', '11110750990', 'n', '1978-01-14', 'correia.natalia@dasilva.com.br', 4),
(540, 'Sra. Norma Padrão Leal Jr.', '48639532420', 's', '1971-12-21', 'maximiano39@molina.net.br', 2),
(541, 'Sr. Noel Rosa Sobrinho', '16109415329', 's', '1979-12-24', 'estevao.sales@yahoo.com', 4),
(542, 'Sr. Agostinho Fernandes', '21473982390', 'n', '1998-05-14', 'uaragao@r7.com', 2),
(543, 'Jorge Diego Vale Jr.', '56075271149', 'n', '1991-05-16', 'michele.lira@soto.com', 4),
(544, 'Sra. Amélia Galhardo', '47546732407', 's', '1975-11-02', 'abreu.everton@marin.br', 4),
(545, 'Emanuel Andres Maldonado', '77316253888', 's', '1990-04-22', 'amanda83@campos.net.br', 4),
(546, 'Sr. Christopher Campos Rivera Sobrinho', '42660163952', 's', '1983-04-18', 'bittencourt.jeronimo@gmail.com', 3),
(547, 'Emanuel Vasques Barreto', '66396176787', 's', '1997-04-21', 'matias.carlos@quintana.com', 1),
(548, 'Sra. Vitória das Dores Sobrinho', '64564894223', 's', '2017-03-02', 'violeta37@r7.com', 2),
(549, 'Srta. Beatriz de Oliveira', '14595298450', 's', '1992-03-29', 'verdara.bruno@yahoo.com', 3),
(550, 'Sr. Francisco de Oliveira', '72954786312', 'n', '2015-02-09', 'esteves.maximo@valencia.org', 2),
(551, 'Rafael da Silva Casanova Sobrinho', '26652213749', 'n', '2000-09-06', 'paulina23@r7.com', 2),
(552, 'Sr. Joaquin Reis Ferreira Filho', '23949852753', 'n', '1978-04-04', 'neves.leandro@gmail.com', 1),
(553, 'Giovana Laura Cordeiro', '19635584806', 'n', '1990-10-31', 'cpadrao@ig.com.br', 1),
(554, 'Srta. Clara Gusmão Jr.', '64962143166', 's', '2005-05-16', 'delvalle.silvana@uol.com.br', 3),
(555, 'Sra. Agustina Vega', '55909969415', 'n', '2016-05-04', 'ornela.dias@ig.com.br', 3),
(556, 'Valentina Pontes', '85567946876', 'n', '2005-08-30', 'gustavo11@ferraz.br', 3),
(557, 'Hernani Luciano Rosa Neto', '43241438670', 'n', '2000-07-16', 'fonseca.micaela@terra.com.br', 4),
(558, 'Srta. Valéria Escobar Corona', '37972399489', 's', '1988-04-23', 'teles.adriana@flores.com.br', 4),
(559, 'Nádia Godói Ortiz Neto', '33742575738', 's', '1973-12-22', 'jose02@uol.com.br', 2),
(560, 'Tábata Valéria Beltrão', '80923578082', 's', '2004-02-28', 'jaragao@gmail.com', 2),
(561, 'Luana Alessandra Esteves Jr.', '57829484166', 'n', '1981-11-11', 'madalena.vale@rios.net.br', 2),
(562, 'Sr. Vicente Gusmão Padrão', '67272848756', 'n', '1993-08-16', 'gian75@uol.com.br', 3),
(563, 'Dr. Kevin Quintana da Silva Jr.', '12855995288', 's', '2011-03-20', 'delgado.david@hotmail.com', 4),
(564, 'Dr. Ketlin Isabella Bittencourt', '21826095790', 's', '2006-02-01', 'oliveira.christian@rodrigues.com.br', 4),
(565, 'Luna Colaço', '37518554762', 'n', '1991-07-06', 'romero.luana@r7.com', 4),
(566, 'Hortência Carla Burgos', '76016208636', 'n', '1986-06-30', 'lira.tessalia@hotmail.com', 4),
(567, 'Leandro Bruno Domingues', '52695553177', 'n', '1992-11-19', 'pedro.bezerra@galindo.org', 1),
(568, 'Srta. Josefina Sanches Barros Jr.', '94704700736', 's', '1981-10-24', 'grego.rodrigo@cortes.net.br', 3),
(569, 'Luara Santacruz Meireles', '16309016020', 'n', '2014-03-31', 'rodrigo.uchoa@yahoo.com', 4),
(570, 'Aaron Romero Jr.', '25812640879', 's', '1974-04-23', 'franco70@gmail.com', 3),
(571, 'Sr. Christian Benites Padrão', '23796997559', 's', '2000-12-30', 'kpadilha@gmail.com', 4),
(572, 'Dr. Jorge Ferreira Mascarenhas', '67127123922', 's', '1985-12-23', 'kverdugo@ferreira.com.br', 3),
(573, 'Emília Jimenes', '65576824210', 'n', '1993-11-16', 'rafaela38@terra.com.br', 2),
(574, 'Dr. Manuela Soares Faro Neto', '71986452741', 'n', '2008-05-18', 'burgos.isadora@hotmail.com', 4),
(575, 'Dr. Maximiano Lutero Azevedo', '91626076526', 'n', '2006-01-24', 'obranco@yahoo.com', 2),
(576, 'Alonso Ian Mendonça Jr.', '98522878787', 'n', '1979-06-20', 'feliciano.rafael@santiago.com', 2),
(577, 'Joaquin Estrada Neto', '33110321238', 'n', '2016-05-26', 'luzia.caldeira@padrao.com', 1),
(578, 'Miranda Ramos', '44206773866', 'n', '1977-06-17', 'norma75@rezende.com.br', 1),
(579, 'Daniela Verdugo Flores', '37612033351', 's', '2003-04-29', 'fdacruz@yahoo.com', 3),
(580, 'Camila Tábata Campos', '68546526846', 's', '2012-12-11', 'galvao.amelia@r7.com', 1),
(581, 'Luciana Sophie Martines Sobrinho', '71293484722', 'n', '2003-11-19', 'andrea03@zamana.br', 4),
(582, 'Pedro Mateus Teles', '57592007750', 's', '2004-07-27', 'valentina76@pontes.com', 4),
(583, 'Sr. Jorge Estêvão Furtado', '15233953748', 'n', '2013-04-22', 'henrique.feliciano@duarte.org', 4),
(584, 'Pablo Roque Neto', '36920536565', 'n', '2003-11-08', 'deaguiar.sophie@neves.com', 3),
(585, 'Paula Alma Fernandes', '36236110879', 's', '1971-11-30', 'abgail23@quintana.com.br', 4),
(586, 'Sra. Mariana Rico Campos', '77920072698', 'n', '1974-01-12', 'tquintana@uol.com.br', 3),
(587, 'Gabriel Saraiva Jr.', '37069663614', 'n', '1981-02-01', 'fbatista@uol.com.br', 3),
(588, 'Jácomo Benites Santana', '51105456105', 'n', '2006-07-08', 'leon.simon@casanova.org', 4),
(589, 'Sr. Fábio Maldonado', '61614818316', 's', '1978-09-11', 'christopher23@gmail.com', 3),
(590, 'Simão Meireles Queirós', '40061879623', 'n', '1972-12-01', 'aragao.vicente@marin.com', 3),
(591, 'Sra. Samanta Soares Rico Sobrinho', '55873484793', 'n', '1998-01-17', 'abril60@valencia.net.br', 2),
(592, 'Sra. Norma Rezende', '24892113786', 'n', '1991-05-03', 'hortencia27@flores.com.br', 1),
(593, 'Dr. Jasmin Franco', '88397662886', 's', '2011-09-04', 'omarques@dasdores.net.br', 4),
(594, 'Sra. Carla Carrara da Silva Jr.', '69448304711', 's', '1971-12-28', 'bmatias@hotmail.com', 1),
(595, 'Dr. Inácio Emílio Franco Neto', '85571144111', 'n', '1983-03-16', 'vicente.velasques@branco.com.br', 3),
(596, 'Sr. Miguel Mascarenhas Filho', '12233225121', 'n', '1986-10-19', 'zjimenes@ramires.net.br', 4),
(597, 'Sr. Horácio Mateus Lovato Neto', '88936811415', 'n', '2005-09-17', 'pereira.kevin@gmail.com', 3),
(598, 'Thiago Demian Ortiz Filho', '83125085453', 'n', '1973-02-20', 'cordeiro.renata@terra.com.br', 2),
(599, 'Sr. Simão Camacho', '84400750012', 'n', '1972-11-10', 'bruno.deoliveira@hotmail.com', 3),
(600, 'Dr. Miranda da Rosa Santana Filho', '73359722341', 'n', '1993-08-12', 'balestero.antonio@ig.com.br', 4),
(601, 'Dr. Mariana Ávila Mascarenhas', '58932496272', 's', '1988-08-29', 'vvieira@r7.com', 2),
(602, 'Sr. Camilo Verdugo', '40314043774', 'n', '1981-05-19', 'kdasneves@terra.com.br', 3),
(603, 'Dr. Gian de Aguiar Maldonado Filho', '82516695656', 'n', '1982-06-30', 'nicole60@ortiz.net', 1),
(604, 'Sr. Sebastião das Dores Filho', '96769126565', 's', '2010-06-26', 'manuel24@uol.com.br', 4),
(605, 'Luna Reis Jr.', '18830637033', 's', '1992-06-08', 'roque.ian@gmail.com', 4),
(606, 'Hugo Romero Brito Filho', '37717367680', 's', '1982-11-20', 'dasdores.emanuel@ortiz.com.br', 1),
(607, 'Sr. Giovane Valentin', '97449636729', 'n', '1983-06-30', 'thales.furtado@hotmail.com', 2),
(608, 'Paulo Casanova Filho', '24427778813', 's', '1996-02-08', 'malena.pacheco@hotmail.com', 1),
(609, 'Dr. Hugo Luis Lovato', '97886711112', 'n', '2015-01-25', 'mdavila@terra.com.br', 1),
(610, 'Miguel David Delatorre Filho', '75914572193', 'n', '2013-08-10', 'nadia94@rico.com', 1),
(611, 'Felipe Thales Zambrano Jr.', '92403360372', 's', '1971-07-15', 'adriana.fonseca@ig.com.br', 1),
(612, 'Dr. Samuel Colaço', '58328048693', 'n', '2006-08-21', 'benjamin72@yahoo.com', 4),
(613, 'Sra. Natália Soares Filho', '92749085589', 's', '2005-12-02', 'thiago.branco@yahoo.com', 2),
(614, 'Ariadna Catarina Estrada', '35818007970', 's', '1984-01-20', 'helena69@hotmail.com', 1),
(615, 'Dr. Paulina Nicole de Oliveira Neto', '42039932161', 'n', '2000-09-17', 'soto.hernani@terra.com.br', 4),
(616, 'Adriano Rodrigues Serna Filho', '21811513709', 's', '2002-01-17', 'furtado.demian@dacruz.net', 1),
(617, 'Isabel Alexa Ortega', '49476047446', 'n', '1998-03-02', 'lozano.norma@burgos.com', 1),
(618, 'Matias Quintana Camacho', '96953705502', 'n', '1972-09-17', 'mferraz@pedrosa.com.br', 1),
(619, 'Daniel Ivan Serra', '16110711297', 'n', '2000-12-12', 'guilherme28@yahoo.com', 4),
(620, 'Violeta Serna Mendes', '62181769367', 'n', '2002-09-18', 'silvana.montenegro@marin.com', 1),
(621, 'Regina Pedrosa Marin', '81382101881', 's', '2004-06-30', 'joana.grego@prado.com.br', 3),
(622, 'Carolina Camila Urias', '19004622166', 's', '2012-09-05', 'gil.gabriela@terra.com.br', 1),
(623, 'Estêvão Balestero', '96850762320', 's', '1977-02-03', 'antonieta.gomes@fernandes.com', 1),
(624, 'Carlos Neves Corona', '59529414470', 's', '1974-03-27', 'rezende.pablo@gmail.com', 3),
(625, 'Vitória Ramires', '28927688985', 's', '1995-08-16', 'qfaro@paes.org', 3),
(626, 'Matias Furtado Toledo', '77959724841', 'n', '1992-12-03', 'gil.david@lozano.com', 2),
(627, 'Taís Alessandra Domingues Jr.', '22789122192', 's', '1975-05-26', 'mdasneves@gmail.com', 1),
(628, 'Sra. Renata Pena Neto', '70111568314', 'n', '2009-08-18', 'agostinho74@r7.com', 4),
(629, 'Julieta Fidalgo Gil', '48903843751', 's', '1996-10-03', 'serna.christopher@maldonado.org', 1),
(630, 'Gian Colaço Marinho', '91859047668', 'n', '1987-02-25', 'josue46@yahoo.com', 3),
(631, 'Sr. Emiliano Batista Filho', '85338767706', 'n', '1977-01-08', 'adriana12@hotmail.com', 4),
(632, 'Dr. Valéria Caldeira Tamoio Sobrinho', '46658304650', 's', '1987-09-28', 'padilha.adriano@terra.com.br', 3),
(633, 'Manuel Marinho Godói Filho', '62840022938', 's', '1980-03-16', 'darosa.carlos@terra.com.br', 1),
(634, 'Dr. Josefina Pena', '91852503288', 'n', '2015-07-13', 'ebenites@furtado.com.br', 2),
(635, 'Josefina Paz Jr.', '89810858969', 's', '1998-12-04', 'teobaldo43@ferreira.br', 2),
(636, 'Francisco Ávila', '75472533083', 's', '2013-05-04', 'ovasques@perez.com.br', 2),
(637, 'Rafaela Noelí Salas Filho', '49127616467', 'n', '1990-04-24', 'franco.salome@hotmail.com', 3),
(638, 'Silvana Salomé Padrão', '54691081061', 'n', '1978-04-06', 'matos.hugo@valdez.com', 2),
(639, 'Alexa Azevedo', '59752481766', 's', '1975-06-28', 'miranda.rios@feliciano.com', 4),
(640, 'Thiago Faro Sobrinho', '24073104113', 'n', '1975-07-03', 'valentina.serna@hotmail.com', 1),
(641, 'Sr. Santiago Santana Sobrinho', '18648906811', 'n', '1986-01-27', 'rafaela43@valdez.com.br', 4),
(642, 'Henrique Rico Espinoza', '84246114082', 's', '2005-05-07', 'guilherme62@ramos.org', 1),
(643, 'Sra. Ketlin Malena Mascarenhas Sobrinho', '76409155316', 's', '1991-10-03', 'mdeaguiar@ig.com.br', 1),
(644, 'Miranda Ramires', '62661433499', 'n', '2003-05-03', 'aflores@hotmail.com', 1),
(645, 'Bruno Zambrano', '90454858820', 's', '1985-05-20', 'aguiar.tessalia@pena.br', 3),
(646, 'Diego Leon Ferreira', '65872106212', 's', '2015-07-01', 'jfernandes@gmail.com', 1),
(647, 'Catarina Ivana Serrano', '35914271445', 'n', '2016-05-19', 'yrivera@gmail.com', 1),
(648, 'Luciano Ricardo Aragão', '77517238305', 'n', '2014-08-18', 'dasneves.manuela@terra.com.br', 1),
(649, 'Bianca Ashley Marinho', '13297165948', 'n', '1976-02-22', 'ornela.matias@ig.com.br', 3),
(650, 'Dr. Noelí Faria Jimenes', '44267419367', 'n', '1983-09-15', 'agustina58@vasques.com.br', 3),
(651, 'Dr. Tessália Vila Aragão', '11998891499', 's', '2000-04-29', 'romero.abril@flores.com', 4),
(652, 'Suzana Rico Jr.', '24812956978', 'n', '2001-05-29', 'jose.marinho@hotmail.com', 2),
(653, 'Dr. Andrea Norma Verdugo Sobrinho', '58056623768', 'n', '1983-01-21', 'emanuel41@soto.com.br', 4),
(654, 'Simão Velasques Galvão Jr.', '47975051640', 's', '2011-05-22', 'luciana09@uol.com.br', 2),
(655, 'Sra. Juliana Padilha', '10714887995', 'n', '2017-09-02', 'gil.demian@yahoo.com', 3),
(656, 'Dr. Ian Galhardo Filho', '46042564385', 's', '2010-12-22', 'bruno.santana@hotmail.com', 1),
(657, 'Amélia Delvalle Neto', '11900496254', 'n', '1998-11-16', 'kevin37@montenegro.com', 2),
(658, 'Sra. Laura Cortês', '68199694673', 's', '1983-03-04', 'mariana.vega@r7.com', 3),
(659, 'Sra. Melissa Medina Gomes Sobrinho', '92489139093', 'n', '1970-05-09', 'ivan.burgos@zambrano.org', 3),
(660, 'Fátima Faro Estrada', '10115694780', 'n', '1972-06-14', 'alexa49@fontes.org', 2),
(661, 'Matias Evandro Burgos', '86746612028', 'n', '1975-02-12', 'francisco13@ig.com.br', 4),
(662, 'Dr. Henrique Chaves Sobrinho', '63740398427', 'n', '2006-02-24', 'mtorres@velasques.net.br', 4),
(663, 'Amanda Matias', '90656217825', 'n', '1984-06-21', 'santana.michele@gmail.com', 2),
(664, 'Carolina Valentina Gil', '38981785527', 's', '1996-02-06', 'benjamin59@hotmail.com', 1),
(665, 'Srta. Silvana Rosa Lutero', '57017890969', 's', '2007-10-18', 'solano.luciana@gomes.br', 4),
(666, 'Srta. Luciana Rafaela Romero Neto', '86420057690', 'n', '2011-10-22', 'iaranda@terra.com.br', 4),
(667, 'Mateus Delvalle Soares Filho', '54473413554', 'n', '2003-10-29', 'perez.carlos@gmail.com', 1),
(668, 'Demian José Aragão', '81057866313', 'n', '2011-10-01', 'silvana.rangel@yahoo.com', 4),
(669, 'Srta. Adriana Sepúlveda Urias', '68630978669', 's', '2015-06-03', 'rsalazar@yahoo.com', 2),
(670, 'Dr. Eduardo Ramos Jr.', '72684916565', 's', '1990-07-08', 'flira@r7.com', 2),
(671, 'Norma Fabiana Romero Sobrinho', '69444901952', 's', '2000-08-16', 'vsolano@velasques.com.br', 1),
(672, 'Alan Lira Mendonça', '80388488951', 's', '2013-02-26', 'rodrigo92@rangel.com.br', 2),
(674, 'Dr. Carolina Alessandra Leal Neto', '73835167442', 'n', '1981-09-27', 'gabriel70@yahoo.com', 2),
(675, 'Sr. Andres Perez', '20860512950', 'n', '1972-10-21', 'gusmao.bruno@rangel.net', 1),
(676, 'Benjamin Alan Lutero', '11835959120', 's', '1986-02-09', 'delvalle.ricardo@valencia.com.br', 1),
(677, 'Luna Aranda', '67860562452', 's', '1983-04-07', 'beatriz21@zamana.net', 3),
(678, 'Dr. Rafael Franco', '64042264958', 'n', '1995-08-21', 'padilha.anderson@guerra.net', 3),
(679, 'Sara Bittencourt Neto', '15322072990', 'n', '1978-06-21', 'abgail36@uol.com.br', 4),
(681, 'Dr. Adriano Matias Grego', '82948772371', 's', '1970-08-28', 'oliveira.maximo@r7.com', 3),
(682, 'Simon Batista', '20058285021', 'n', '1998-03-22', 'jeronimo.quintana@r7.com', 4),
(683, 'Beatriz Paz de Aguiar', '40530247548', 's', '1970-08-16', 'giovana.delatorre@marques.net.br', 3),
(684, 'Sr. Luciano Batista', '81813102234', 'n', '1978-08-15', 'habreu@ig.com.br', 2),
(685, 'Dr. Francisco Rodrigo Sepúlveda Neto', '68077895687', 'n', '2001-09-25', 'emilia.saraiva@yahoo.com', 4),
(686, 'Srta. Rebeca da Cruz Faro', '20336325825', 's', '1981-05-25', 'paulo.soto@yahoo.com', 3),
(687, 'Sra. Michele Duarte Jr.', '42671052170', 'n', '1980-09-15', 'zestrada@uol.com.br', 2),
(688, 'Sra. Miranda Tábata Garcia Sobrinho', '82587698255', 's', '1978-11-24', 'emilio26@faro.br', 2),
(689, 'Sr. Simão Leal Pacheco Filho', '93259509922', 'n', '1983-03-08', 'dasilva.jose@ferreira.com.br', 4),
(690, 'Sra. Suzana Reis', '56934858453', 'n', '1977-01-05', 'jferraz@verdugo.net.br', 2),
(691, 'Ivan Cristóvão Zambrano Jr.', '96791600962', 'n', '1998-02-19', 'rafaela44@camacho.com.br', 4),
(692, 'Sr. Leandro Jimenes', '71462144413', 's', '1985-09-14', 'valeria.dasdores@dias.net', 4),
(693, 'Adriana Luana Matos', '22831058991', 'n', '2004-06-08', 'luna.ramos@uol.com.br', 3),
(694, 'Estêvão Sepúlveda Queirós Filho', '58945326912', 's', '1981-06-14', 'hmarques@r7.com', 4),
(695, 'Isabella Miranda Ferminiano', '15040413131', 'n', '2014-02-24', 'cristovao63@terra.com.br', 2),
(696, 'Lucas Ricardo Valdez', '49270758419', 's', '1995-08-06', 'cortes.gabriel@carrara.br', 2),
(697, 'Sr. Diego Christopher Ortiz', '90619690958', 'n', '1974-09-10', 'benjamin.rivera@yahoo.com', 1),
(698, 'Demian Sales Matos Neto', '65874102613', 'n', '1974-07-11', 'samanta.valentin@terra.com.br', 2),
(699, 'Sr. Noel Faria Delvalle', '14999268380', 's', '2010-12-05', 'daniel55@aranda.net.br', 2),
(700, 'Agostinho Rezende Feliciano', '64926071437', 'n', '2005-05-04', 'suzana10@uol.com.br', 1),
(701, 'Alexandre Esteves Faro Jr.', '76401574891', 'n', '2010-03-09', 'leonardo.mendes@ig.com.br', 2),
(702, 'Sofia Delgado Salazar Neto', '62747000325', 's', '1994-05-25', 'adriana.roque@pacheco.com', 2),
(703, 'Sr. Alan Padilha', '22933353832', 's', '2013-06-07', 'rodrigo.dominato@pontes.com.br', 3),
(704, 'Agostinho Zamana da Cruz', '49702792051', 'n', '2006-05-19', 'agrego@casanova.br', 3),
(705, 'Simon Soto', '59648860781', 'n', '1993-05-23', 'ferreira.luciana@r7.com', 1),
(706, 'Sra. Luana Corona Lira', '75243695853', 's', '1986-08-21', 'godoi.jeronimo@barreto.org', 2),
(707, 'Mia Brito Sobrinho', '88077085684', 'n', '1972-02-21', 'kcasanova@vila.com', 3),
(708, 'Srta. Miranda Norma Valentin', '92461106027', 'n', '1990-12-03', 'leonardo80@prado.com', 1),
(709, 'Sérgio Pontes Lovato Jr.', '31989423744', 's', '2011-04-17', 'sebastiao.ortega@r7.com', 2),
(710, 'Dr. Ziraldo Ferreira de Souza Filho', '56883525499', 'n', '1980-07-17', 'melissa19@uol.com.br', 2),
(711, 'Dr. Daniela Valência Filho', '26586515177', 'n', '2000-06-30', 'anderson13@chaves.com.br', 4),
(712, 'Hortência Campos Colaço', '37337389942', 's', '1977-11-13', 'colaco.paulina@ferminiano.com.br', 3),
(714, 'Dr. Antônio Delvalle Neto', '93487961376', 's', '1970-02-11', 'bdeaguiar@r7.com', 2),
(715, 'Dr. Gabriel Cruz', '18808517525', 's', '2017-06-19', 'norma29@gmail.com', 1),
(716, 'Demian Verdara Solano Jr.', '22175518139', 'n', '2008-11-25', 'sbonilha@oliveira.br', 1),
(717, 'Nádia Gonçalves Zambrano Neto', '39061005744', 's', '2001-05-12', 'daniela60@terra.com.br', 4),
(718, 'Sr. Franco Luciano Pacheco Neto', '54664257001', 'n', '1997-01-17', 'neves.violeta@hotmail.com', 1),
(719, 'Dr. Gabriel Carmona Rangel', '56202465943', 'n', '1990-10-01', 'luciano95@grego.org', 1),
(720, 'Pâmela Josefina Vila Jr.', '97501411200', 'n', '1997-11-14', 'xsantacruz@caldeira.org', 3),
(721, 'Dr. Juliana Paes', '60500102895', 's', '1982-01-10', 'mares.hortencia@yahoo.com', 1),
(722, 'Dr. Pablo Cruz', '94700853149', 'n', '1974-01-28', 'zambrano.sofia@ig.com.br', 1),
(723, 'Natália Daniela Sepúlveda', '19400481684', 'n', '1972-01-05', 'zprado@valencia.net.br', 1),
(724, 'Srta. Carla Alma Correia Sobrinho', '94477667417', 'n', '2001-09-09', 'mcorreia@sales.com.br', 2),
(725, 'Samanta Julieta Duarte Neto', '89429302373', 'n', '1973-10-12', 'simon51@ramos.com.br', 4),
(726, 'Noelí Campos Chaves', '79185337871', 'n', '1979-05-29', 'rafaela70@fidalgo.com', 4),
(727, 'Luana Laura Sales Jr.', '72092681671', 'n', '1974-06-13', 'sebastiao.dasneves@r7.com', 3),
(728, 'Srta. Sophie Mendonça Azevedo Sobrinho', '23052091579', 'n', '1981-08-17', 'perez.renata@terra.com.br', 1),
(729, 'Maximiano Simon Cordeiro Sobrinho', '14137057540', 'n', '1994-05-12', 'ferreira.franco@vega.br', 2),
(730, 'Ivan Giovane Sepúlveda Sobrinho', '78234687349', 's', '1999-05-18', 'wbezerra@yahoo.com', 3),
(731, 'Evandro Rocha Zambrano', '18697003470', 's', '1991-02-16', 'irene37@ig.com.br', 3),
(732, 'Dr. Hugo de Souza Filho', '24194687348', 's', '2009-11-13', 'miranda43@gmail.com', 4),
(733, 'Emanuel Lutero Neto', '16446902980', 'n', '2011-07-11', 'bavila@yahoo.com', 3),
(734, 'Natal Marés', '92488207989', 's', '1975-03-01', 'feliciano.tabata@r7.com', 1),
(735, 'Andres Sanches Filho', '61099579920', 'n', '1991-10-25', 'suzana.duarte@r7.com', 3),
(736, 'Sr. Alexandre Pacheco Filho', '10267258784', 's', '1991-11-16', 'tessalia53@ig.com.br', 4),
(737, 'Sr. Leonardo Rodrigo Queirós', '77432960281', 'n', '1980-08-31', 'miguel12@sepulveda.com', 3),
(738, 'Dr. Ketlin Gil Pena Filho', '47781699155', 'n', '2012-02-21', 'wlozano@ig.com.br', 1),
(739, 'Tomás Jácomo Esteves Sobrinho', '43663105019', 's', '2001-06-27', 'aguiar.horacio@gmail.com', 1),
(740, 'Srta. Ashley das Dores Escobar Sobrinho', '85834143925', 'n', '2005-03-27', 'rodrigo39@ig.com.br', 1),
(741, 'Dr. Ariadna Reis', '23175075263', 's', '2005-01-20', 'gustavo.soto@galhardo.org', 4),
(742, 'Sr. Ivan Maximiano Maia', '63348447685', 'n', '1994-07-19', 'juliana.lira@carmona.com.br', 3),
(743, 'Adriano Uchoa Ortiz Neto', '21742882477', 's', '2014-04-03', 'paulo.madeira@sandoval.net', 2),
(744, 'Antônio Delatorre Quintana Neto', '47678947625', 's', '2016-04-10', 'xortiz@cervantes.com', 1),
(745, 'Dr. Hortência Esteves Burgos', '62472057472', 'n', '1986-07-23', 'emilio.queiros@quintana.com', 1),
(746, 'Sr. Thales Matias Fonseca', '58572033573', 's', '2009-02-21', 'ornela95@yahoo.com', 3),
(747, 'Tessália Medina Pena Jr.', '89654745645', 's', '1998-10-04', 'darosa.silvana@feliciano.com.br', 2),
(748, 'Srta. Norma Mariana Velasques', '19910919303', 's', '2005-01-08', 'mel.galhardo@vieira.com.br', 2),
(749, 'Laura Luciana Guerra', '54884093198', 'n', '1990-10-02', 'juliana17@mendes.com', 1),
(750, 'Dr. Ketlin Jasmin Padilha Jr.', '77075848248', 's', '2009-09-09', 'verdugo.natal@barros.com.br', 3),
(751, 'Dr. Aaron Benjamin Colaço', '93083342267', 's', '1981-09-19', 'delgado.andres@paes.com', 1),
(752, 'Benjamin Vicente Ávila Neto', '70623901416', 'n', '1976-04-20', 'vitoria43@uol.com.br', 4),
(753, 'Sr. Alonso Solano Rico Neto', '62467166800', 'n', '1990-09-12', 'paulina.estrada@uol.com.br', 1),
(754, 'Sr. Leandro Pena Santana Jr.', '58633724297', 'n', '1991-02-24', 'joao.salgado@mendes.com.br', 4),
(755, 'Sra. Júlia Estrada Saraiva', '74448954388', 's', '2017-10-30', 'qdavila@matos.com', 1),
(756, 'Srta. Carla Faro Ferreira Neto', '59229882466', 'n', '1974-11-08', 'santana.pamela@uol.com.br', 3),
(757, 'Sra. Mariana Valentin de Souza', '73852288527', 'n', '1993-07-11', 'pedro.colaco@zaragoca.com.br', 3),
(758, 'Sra. Ariadna Gomes Sobrinho', '52932895440', 'n', '2011-12-15', 'fernando.neves@yahoo.com', 4),
(759, 'Mia Galindo Filho', '45351951974', 's', '2017-05-06', 'pedro69@escobar.org', 1),
(760, 'Srta. Ariana Fernandes Filho', '33637615116', 'n', '1971-03-02', 'cbatista@quintana.br', 2),
(761, 'Srta. Helena Rangel', '66418463387', 's', '1989-06-28', 'cordeiro.jose@hotmail.com', 2),
(762, 'Felipe Leonardo Faro Jr.', '44636855227', 's', '1974-06-09', 'rezende.david@carrara.net.br', 4),
(763, 'Dr. Pedro Solano Sobrinho', '51973142004', 'n', '2004-12-14', 'beatriz.azevedo@ig.com.br', 1),
(764, 'Dr. Gustavo Bruno Feliciano', '70400265366', 'n', '1990-03-28', 'rtorres@perez.net', 4),
(765, 'Dr. Ivan Serra Leon Jr.', '83262697402', 's', '1994-09-29', 'catarina.dominato@hotmail.com', 4),
(766, 'Sr. Simão Rangel Sobrinho', '78649974651', 'n', '1984-07-15', 'allison.pacheco@yahoo.com', 1),
(767, 'Dr. Emília Molina', '90481559918', 's', '1994-08-29', 'samuel.teles@r7.com', 3),
(768, 'Fábio Marin Martines', '77093542446', 'n', '1975-04-11', 'dleon@mascarenhas.net', 2),
(769, 'Srta. Giovana Rebeca Balestero', '97170267477', 's', '1984-02-25', 'soares.noeli@ig.com.br', 4),
(770, 'Dr. Matias Galindo Filho', '49942274969', 's', '2005-09-13', 'bruno06@meireles.net', 2),
(771, 'Dr. Renata Laura Queirós Jr.', '93120052614', 's', '1977-12-16', 'medina.adriano@solano.net', 1),
(772, 'Paulo Lucas Guerra Jr.', '50741693326', 's', '1982-06-24', 'qcasanova@lutero.com', 3),
(773, 'Dr. Giovane Lozano Padilha Jr.', '86901961383', 's', '1981-06-08', 'rdeoliveira@cruz.net.br', 3),
(774, 'Srta. Carolina Velasques', '81440482088', 'n', '1970-11-06', 'vitoria.mendonca@faria.net', 2),
(775, 'Sara Olívia Galindo', '67059347182', 'n', '1976-06-22', 'demian72@zambrano.com', 1),
(776, 'Srta. Luara Thalissa Chaves Neto', '30960428202', 's', '1975-07-20', 'stamoio@zamana.com.br', 2),
(777, 'Alexandre de Oliveira Bittencourt', '14804796492', 's', '2016-01-17', 'aranda.ornela@valdez.com.br', 1),
(778, 'Andres Anderson Rocha Filho', '12459317739', 's', '2007-11-25', 'hernani.molina@hotmail.com', 1),
(779, 'Manuela Vega Molina', '73872954025', 's', '1997-11-08', 'joao77@lutero.net.br', 1),
(780, 'Sr. Ziraldo David Guerra Neto', '44368962477', 'n', '2007-08-08', 'pena.olivia@yahoo.com', 2),
(781, 'Isaac Pedrosa Rivera', '18432413651', 'n', '1996-11-07', 'aguiar.rebeca@uol.com.br', 3),
(782, 'Luara Gil Dominato', '84716016566', 's', '1977-03-22', 'joao87@uol.com.br', 4),
(783, 'Srta. Sophie Pâmela Reis', '17918557934', 's', '2014-01-04', 'michele.quintana@hotmail.com', 4),
(784, 'Sra. Micaela Rangel Santacruz', '70745536955', 's', '1985-01-17', 'wgodoi@paes.com.br', 3),
(785, 'Sr. Valentin Brito Pena Jr.', '15811748257', 'n', '2007-03-26', 'mateus77@ferreira.com.br', 4),
(786, 'Sra. Helena Silvana Barreto', '96770470687', 'n', '1982-08-23', 'mcordeiro@yahoo.com', 2),
(787, 'Franco Everton da Rosa', '64486402310', 'n', '1992-07-20', 'bmeireles@montenegro.com.br', 3),
(788, 'Sr. José Camacho Quintana Sobrinho', '72996820928', 's', '2011-12-03', 'lmaldonado@bonilha.net.br', 2),
(789, 'Sra. Beatriz Delgado Valdez Jr.', '32604820141', 'n', '1984-05-14', 'natal40@mascarenhas.net', 4),
(790, 'Sr. Gian Henrique Meireles', '26755296448', 'n', '2002-10-30', 'luciano86@uol.com.br', 1),
(791, 'Júlia Bittencourt Sandoval Filho', '92106931055', 's', '1990-02-09', 'ljimenes@maia.com.br', 4),
(792, 'Everton Samuel Bonilha Sobrinho', '81671500080', 's', '2000-10-30', 'manuela26@batista.com.br', 3),
(793, 'Dr. Maitê Rafaela Solano Sobrinho', '17985024540', 's', '1981-12-06', 'amanda41@terra.com.br', 3),
(794, 'Diego Serrano', '90599190667', 's', '1999-06-03', 'roque.mario@gmail.com', 2),
(795, 'Maitê Guerra Lutero', '64147371342', 's', '2006-02-01', 'ucasanova@sepulveda.com.br', 1),
(796, 'Sr. Inácio Leandro Delvalle', '67295242268', 's', '1997-06-28', 'pedrosa.amelia@r7.com', 3),
(797, 'Dr. Ketlin Vitória Fidalgo Filho', '40259296451', 'n', '2010-11-11', 'zsalazar@gmail.com', 2),
(798, 'Sra. Laura Melissa Salazar Filho', '77585859145', 'n', '1987-08-17', 'amanda19@feliciano.br', 1),
(799, 'Sr. Estêvão Henrique Santiago Jr.', '27379959500', 's', '2015-06-24', 'ortiz.andrea@ortega.net.br', 2),
(800, 'Dr. Malena Delvalle Valdez', '20843647094', 's', '2002-03-09', 'valeria41@r7.com', 2),
(801, 'Sra. Madalena Teles Brito', '28706105034', 's', '1985-03-18', 'toledo.paulina@urias.net.br', 1),
(802, 'Fabiana Burgos Cortês Filho', '73740034559', 'n', '2008-09-26', 'ppereira@hotmail.com', 3),
(803, 'Dr. Abgail Beltrão Padrão', '88089757445', 'n', '2011-09-20', 'iortiz@terra.com.br', 1),
(804, 'Allison Matos Ortiz', '39722846769', 'n', '2009-06-21', 'vfurtado@hotmail.com', 1),
(805, 'Guilherme Queirós Neto', '80037840958', 'n', '1975-05-27', 'sescobar@lozano.org', 3),
(806, 'Sr. Máximo Garcia Zaragoça Filho', '70520423050', 's', '2008-03-02', 'simao74@terra.com.br', 2),
(807, 'Paula Valentin', '23957864888', 'n', '2009-05-14', 'gusmao.kevin@r7.com', 1),
(808, 'Sr. José Luciano Marin Sobrinho', '52401999733', 'n', '2017-07-04', 'amaldonado@franco.com', 4),
(809, 'Sr. Elias Assunção', '20426979209', 's', '1970-04-06', 'joaquin05@mendonca.com.br', 3),
(810, 'Sr. Daniel Aguiar Gil', '45782594252', 'n', '1996-10-17', 'casanova.valeria@uchoa.com', 4),
(811, 'Malena Valentin', '42692195060', 'n', '1993-11-30', 'rafael.delatorre@maldonado.com.br', 1),
(812, 'Sr. Anderson Sérgio Ávila Jr.', '13553375541', 'n', '1977-03-12', 'ricardo.rosa@galhardo.com.br', 1),
(813, 'Alonso Zamana Azevedo', '15676005724', 's', '1994-03-10', 'andrea.gil@gmail.com', 1),
(814, 'Hugo Sales Jr.', '80613060588', 's', '1976-05-27', 'mascarenhas.mariana@ig.com.br', 4),
(815, 'Julieta Marés', '84389040367', 'n', '1973-11-08', 'adriano85@yahoo.com', 3),
(816, 'Samuel Toledo Filho', '87990909325', 'n', '2010-08-09', 'duarte.abril@delatorre.com.br', 2),
(817, 'Renata Ferraz', '31980999805', 's', '1993-05-19', 'daniel.delvalle@hotmail.com', 4),
(818, 'Dr. Tomás Agostinho Ferraz Sobrinho', '82843235032', 's', '2008-07-31', 'paulo.montenegro@r7.com', 1),
(819, 'Camilo Marés Jr.', '62607332421', 's', '1993-07-13', 'aaron73@branco.com.br', 1),
(820, 'Sra. Nicole Daniela Saraiva', '90310203433', 'n', '1977-08-17', 'miguel.urias@hotmail.com', 3),
(821, 'Dr. Paulina Feliciano Sobrinho', '13843450327', 's', '2007-10-17', 'salgado.alexandre@garcia.org', 2),
(822, 'Dr. Rafaela Bonilha Jr.', '51292470698', 's', '1998-10-15', 'kcarrara@chaves.br', 4),
(823, 'Tessália Padrão Neto', '90298981238', 'n', '1978-10-29', 'guilherme30@gmail.com', 4),
(824, 'Samuel da Silva Lira Jr.', '18775060446', 's', '2009-07-13', 'dverdugo@abreu.com.br', 4),
(825, 'Benjamin Jimenes Estrada Jr.', '38575038546', 'n', '2010-10-09', 'henrique.queiros@terra.com.br', 4),
(826, 'Sr. Paulo Pedrosa Filho', '51021328829', 's', '1971-03-22', 'malena62@vila.com', 3),
(827, 'Sra. Beatriz das Neves', '57906871638', 's', '1973-10-30', 'rcasanova@yahoo.com', 3),
(828, 'Sr. Simão Mendonça Rocha', '45281088431', 's', '2009-06-13', 'urias.franco@chaves.com', 3),
(829, 'Srta. Malena Uchoa', '78488201196', 's', '2014-02-28', 'salome.romero@uol.com.br', 3),
(830, 'Sr. Felipe Meireles Tamoio Filho', '99814445241', 'n', '1988-09-27', 'allison.roque@ig.com.br', 2),
(831, 'Sr. Francisco Valdez', '72881907634', 'n', '1992-06-01', 'valdez.lucas@solano.br', 4),
(832, 'Dr. Abril Helena Soares Sobrinho', '56257528257', 's', '1989-11-10', 'manuel.salgado@yahoo.com', 2),
(833, 'Alonso Solano Oliveira Jr.', '56289747077', 's', '2004-09-06', 'ydias@ig.com.br', 2),
(834, 'Rebeca Carrara Meireles', '46970542571', 'n', '2003-12-03', 'urias.alma@gmail.com', 4),
(835, 'Srta. Silvana Guerra Aranda Filho', '27920444398', 'n', '1994-02-23', 'felipe98@marinho.com', 3),
(836, 'Sr. Gustavo Estêvão Marinho', '52222497337', 's', '1995-03-28', 'obranco@gmail.com', 4),
(837, 'Dante Leandro Marques Sobrinho', '16662602038', 'n', '2012-05-02', 'matias.pedro@hotmail.com', 1),
(838, 'Taís Bianca Duarte', '82007980435', 'n', '1998-01-23', 'agostinho.ramires@brito.org', 2),
(839, 'Dr. João Abreu Fontes', '77374814180', 's', '1990-09-15', 'cordeiro.vicente@oliveira.net', 2),
(840, 'Srta. Tessália Esteves Delatorre Sobrinho', '48762394650', 's', '2002-11-03', 'xgoncalves@rios.org', 1),
(841, 'Sérgio Jerônimo Leal', '51988979987', 'n', '1970-06-27', 'salas.constancia@ig.com.br', 3),
(842, 'Christopher Torres', '68473346671', 'n', '2005-09-02', 'salgado.isabella@terra.com.br', 2),
(843, 'Paulina Luciana Molina Sobrinho', '59841263010', 'n', '1991-09-24', 'ariadna.sales@meireles.org', 3),
(844, 'Dr. Simon Christopher Serrano Neto', '25499112857', 's', '2012-01-11', 'waragao@pedrosa.net.br', 2),
(845, 'Ana Nicole de Oliveira Filho', '61660624872', 'n', '1989-07-13', 'lestrada@uol.com.br', 3),
(846, 'Srta. Alma Esteves Jr.', '76680709156', 's', '2015-04-14', 'abril52@delvalle.com', 1),
(847, 'Juliana Padilha Jr.', '34873792571', 's', '1986-06-13', 'ketlin.santana@correia.org', 4),
(848, 'Ketlin Salas Sobrinho', '37813579691', 's', '2005-03-30', 'eleal@yahoo.com', 2),
(849, 'Dr. Jácomo Salas Jr.', '84979583080', 'n', '1997-12-05', 'alma23@neves.net.br', 4),
(850, 'Emília Batista Jr.', '52162301819', 'n', '1999-11-06', 'tquintana@uol.com.br', 3),
(851, 'Sabrina Carla Zambrano Neto', '98164779408', 's', '2001-09-20', 'carrara.anderson@rezende.com.br', 1),
(852, 'Sr. Diego Isaac Paz Neto', '67790629845', 's', '2005-11-28', 'salazar.valentin@tamoio.com', 1),
(853, 'Sra. Valentina Isadora Solano', '56044597155', 'n', '2006-06-25', 'luzia.estrada@uol.com.br', 2),
(854, 'Srta. Amélia Cruz Tamoio', '89591430509', 's', '1995-08-22', 'rico.horacio@hotmail.com', 2),
(855, 'Dr. Agustina Verdara', '66948262616', 'n', '2012-02-02', 'valentin.abril@hotmail.com', 3),
(856, 'Srta. Isadora Carla Rodrigues Sobrinho', '42885525459', 's', '2013-03-18', 'sbatista@oliveira.com.br', 3),
(857, 'Sr. Ivan Lozano', '80757697620', 'n', '2000-06-19', 'beatriz03@rosa.net.br', 4),
(858, 'Srta. Hortência Escobar Ferreira Sobrinho', '56266730581', 's', '2015-01-02', 'fabiana.vieira@yahoo.com', 4),
(859, 'Estêvão Ramos Jr.', '77861547945', 'n', '1999-12-22', 'fsalgado@hotmail.com', 3),
(860, 'Srta. Júlia Torres Gusmão Jr.', '57762570846', 'n', '1971-12-18', 'giovana.marinho@valencia.com', 2),
(861, 'Rebeca Silvana Correia Sobrinho', '27807369381', 's', '2015-11-11', 'raragao@yahoo.com', 1),
(862, 'Thiago de Souza Sobrinho', '97413833932', 'n', '1970-03-29', 'yaragao@uol.com.br', 1),
(863, 'Sr. Inácio Sanches Pontes Filho', '74334506792', 's', '1992-05-13', 'gil.micaela@rivera.com.br', 2),
(864, 'Sra. Antonieta Natália Salazar Filho', '92989698136', 's', '1991-01-24', 'adriana.matias@hotmail.com', 3),
(865, 'José Ferreira', '29964526426', 's', '1994-01-31', 'crangel@r7.com', 1),
(866, 'Luis de Oliveira', '25664152363', 'n', '1984-07-11', 'matias83@yahoo.com', 4),
(867, 'Alonso Rodrigo Feliciano Sobrinho', '60914835273', 'n', '2008-05-31', 'fabiana62@terra.com.br', 4),
(868, 'Everton Garcia Jr.', '66156267188', 's', '1977-02-23', 'saraiva.ricardo@hotmail.com', 2),
(869, 'Dr. Luara Lovato Barros Sobrinho', '75334410551', 's', '1970-10-23', 'carlos.perez@gmail.com', 1),
(870, 'Catarina Alexa Perez', '26280229915', 'n', '1998-03-12', 'demian.pena@zaragoca.com.br', 3),
(871, 'Dr. Valéria Leon Verdara', '33111869627', 'n', '2008-11-16', 'tais45@uol.com.br', 2),
(872, 'Amélia Juliana Gil Sobrinho', '42653882596', 's', '2008-06-27', 'rbarros@uchoa.com', 1),
(873, 'Luna Bittencourt Jr.', '54090187870', 'n', '1979-05-04', 'uverdara@uol.com.br', 1),
(874, 'Sra. Ana Campos Galvão Jr.', '18001165236', 's', '2009-10-10', 'wgil@terra.com.br', 4),
(875, 'Sr. Carlos Rodrigues Barros Sobrinho', '76940159150', 's', '2002-12-14', 'elizabeth10@terra.com.br', 1),
(876, 'Sr. Isaac Godói Ferreira Neto', '64837202602', 'n', '1984-02-19', 'salazar.paulo@gmail.com', 1),
(877, 'Sr. Samuel Batista', '17025978746', 's', '1998-04-05', 'lucas92@deoliveira.br', 4),
(878, 'Bruno Santana Jr.', '99480524803', 's', '2017-11-21', 'vitoria73@torres.net.br', 2),
(879, 'Sr. Estêvão Josué Rico Neto', '61275859642', 'n', '2010-10-12', 'alexa33@yahoo.com', 2),
(880, 'Pablo Assunção Matias', '32507190834', 'n', '1981-09-01', 'nadia.batista@azevedo.br', 1),
(881, 'Alexa Violeta da Rosa Sobrinho', '32713491977', 's', '1995-07-03', 'silvana.velasques@hotmail.com', 1),
(882, 'Ketlin Matos Filho', '46479168878', 'n', '1989-09-15', 'fabiana.romero@ig.com.br', 1),
(883, 'Melissa Joana Gil Jr.', '63706282111', 's', '2010-01-16', 'ozaragoca@vega.com.br', 1),
(884, 'Sr. Jorge Rodrigues das Dores Filho', '21322429156', 's', '1983-01-10', 'micaela70@barreto.org', 3),
(885, 'Srta. Ariadna Joana Delgado', '80216773469', 's', '1975-04-10', 'baguiar@madeira.org', 4),
(886, 'Sr. Guilherme Bonilha Montenegro Jr.', '70250751785', 'n', '2003-05-21', 'dacruz.constancia@dacruz.net.br', 1),
(887, 'Emanuel Caldeira Faria Filho', '18076062821', 'n', '2017-12-09', 'jasmin.soares@barreto.org', 1),
(888, 'Jasmin Vega', '36794179836', 'n', '1994-11-22', 'nadia76@meireles.br', 3),
(889, 'Máximo Cruz', '63940454758', 's', '1979-11-13', 'valencia.adriano@roque.com', 1),
(891, 'Sara Gabriela Ramires', '67145731286', 's', '1989-08-25', 'meireles.allison@aranda.com', 2),
(892, 'Miguel Alan da Cruz', '96736754649', 'n', '2006-02-09', 'ucampos@r7.com', 1),
(893, 'Gian Branco Sobrinho', '55207283082', 'n', '1983-08-17', 'pacheco.malena@yahoo.com', 3),
(894, 'Vitória Sepúlveda Sobrinho', '71062053418', 'n', '2004-02-02', 'hcorona@padrao.com.br', 1),
(895, 'Thiago Salazar Abreu', '70956124686', 's', '1971-05-09', 'vieira.mariana@r7.com', 1),
(896, 'Sr. Valentin Galindo Neto', '16036489461', 'n', '1991-03-08', 'felipe.teles@yahoo.com', 3),
(897, 'Beatriz Toledo Sobrinho', '35516846105', 's', '1980-11-03', 'maximo37@aranda.net.br', 3),
(898, 'Emília Helena Queirós', '55741393920', 's', '1985-10-21', 'cristovao.vasques@r7.com', 4),
(899, 'Daniel Leal Ferreira Jr.', '39832480596', 'n', '1996-02-28', 'mpedrosa@galindo.org', 1),
(900, 'Sra. Michele Nicole Zaragoça Neto', '19791547590', 'n', '1988-08-14', 'bbenites@pena.com', 3),
(901, 'Srta. Joana Dominato Lozano', '27629414913', 'n', '1970-08-28', 'cgomes@hotmail.com', 4),
(902, 'Everton Luciano Montenegro', '55872561107', 'n', '1996-08-11', 'vzamana@gil.org', 2),
(903, 'Carla Uchoa Filho', '48528567799', 's', '1989-11-06', 'catarina.ortega@hotmail.com', 1),
(904, 'Eduardo Mário Quintana Sobrinho', '69776682658', 'n', '1989-12-06', 'hortencia90@gomes.br', 2),
(905, 'Dr. Suzana Marques Jr.', '15096298339', 's', '1986-12-02', 'garcia.thalissa@uol.com.br', 3),
(906, 'Dr. Emília Teles', '83330218996', 's', '1990-12-05', 'bsolano@hotmail.com', 1),
(907, 'Ariana Assunção Neto', '66845839866', 's', '1987-12-27', 'rpaes@zambrano.net', 3),
(908, 'Dr. Jerônimo Carrara Feliciano', '68237057845', 's', '1976-08-04', 'aserrano@correia.org', 1),
(909, 'Rafaela Barros', '77670095595', 'n', '2002-08-03', 'bruno.ramires@r7.com', 3),
(910, 'Dr. Jerônimo Lira', '22924481211', 's', '1975-09-11', 'gabriel63@aguiar.com', 1),
(911, 'Sra. Sara Zambrano Sobrinho', '68199532148', 'n', '1980-06-03', 'luis.casanova@ferminiano.org', 4),
(912, 'Sra. Amanda Rios Sobrinho', '95640407749', 's', '1991-11-12', 'rodrigues.emiliano@ferraz.com.br', 3),
(913, 'Elias David Leon', '86547529464', 'n', '1979-04-07', 'lucas27@yahoo.com', 1),
(914, 'João de Souza Vila Neto', '72480792202', 's', '2008-08-15', 'grego.lucas@r7.com', 4),
(915, 'Matias Felipe Vega Sobrinho', '21740368911', 'n', '2004-06-02', 'alessandra.fontes@ig.com.br', 4),
(916, 'Dr. Ketlin Feliciano Paz', '82781669283', 'n', '1989-01-31', 'carlos.roque@gmail.com', 1),
(917, 'Leandro Pontes', '25398896518', 'n', '1980-02-19', 'aranda.evandro@quintana.net', 3),
(918, 'Dr. Elizabeth Vasques', '86850241562', 's', '1991-04-06', 'grego.adriana@esteves.com', 1),
(919, 'Sra. Taís Alessandra Marinho Jr.', '94947864650', 's', '1974-01-30', 'sergio.velasques@gmail.com', 1),
(920, 'Dr. Samuel Leonardo Barreto Sobrinho', '74428576682', 'n', '1979-09-06', 'uprado@sanches.org', 1),
(921, 'Adriana Galhardo Chaves Jr.', '35440848101', 'n', '1981-02-04', 'xfonseca@carmona.br', 4),
(922, 'Júlia Maldonado Marinho Neto', '28981729880', 'n', '1978-02-15', 'sandoval.vicente@furtado.org', 2),
(923, 'Sra. Giovana Godói', '87592655937', 'n', '1999-11-05', 'sebastiao.benites@serra.com', 3),
(924, 'Sr. José Simon Fernandes', '11001569912', 'n', '1989-09-29', 'francisco21@terra.com.br', 2),
(925, 'Paula Ortiz Corona Neto', '75133262015', 's', '2017-08-02', 'joana.velasques@gmail.com', 4),
(926, 'Giovana da Rosa', '21515954853', 's', '2009-01-08', 'obarreto@gmail.com', 3),
(927, 'Antônio Aranda', '27816576231', 'n', '1997-10-25', 'gmares@queiros.com.br', 3),
(928, 'Emília Sophie Valentin Jr.', '72533855224', 'n', '2013-04-17', 'delgado.alexa@gil.br', 2),
(929, 'Dr. Jorge Marinho', '84297146671', 's', '1995-07-14', 'teobaldo69@yahoo.com', 3),
(930, 'Tessália Maia Fidalgo Jr.', '49018314396', 'n', '2000-10-10', 'jbittencourt@uol.com.br', 1),
(931, 'Dr. Maximiano Barros Padrão Filho', '70618586032', 'n', '2007-11-13', 'kmascarenhas@casanova.com', 3),
(932, 'Dr. Olívia Violeta Carmona Sobrinho', '73323499527', 's', '2002-10-11', 'yvelasques@barros.com.br', 4),
(933, 'Gabriela Verdugo', '31998245446', 's', '2004-11-23', 'violeta42@r7.com', 2),
(934, 'Srta. Suzana Lira Grego Sobrinho', '33512892019', 'n', '1995-06-10', 'agustina84@hotmail.com', 2),
(935, 'Demian Valdez Brito', '25085487603', 's', '2015-03-04', 'emiliano34@fidalgo.net.br', 3),
(936, 'Hortência Branco Saraiva Filho', '40996417738', 'n', '1999-05-17', 'olivia83@gmail.com', 3),
(937, 'Sebastião Galindo Santiago Sobrinho', '66493145641', 's', '2010-07-03', 'emilio02@uol.com.br', 1),
(938, 'Sabrina Rivera Ramires', '11007224470', 's', '2016-01-13', 'cristovao83@medina.net', 4),
(939, 'Francisco Campos', '65450031119', 's', '1977-03-15', 'mdomingues@casanova.net', 1),
(940, 'Srta. Natália Rocha Pontes Filho', '16966478717', 's', '2006-12-16', 'everton81@r7.com', 3),
(941, 'Dr. Andres Christopher Pacheco', '65567375291', 'n', '2011-01-07', 'prado.ian@quintana.net.br', 1),
(942, 'Jasmin Franco Ávila', '98765545613', 'n', '2012-07-14', 'paula00@gmail.com', 1),
(943, 'Daniela da Rosa', '80862286589', 'n', '2013-04-09', 'gustavo41@soto.br', 2),
(944, 'Paulina Mia Espinoza', '72135180435', 'n', '2000-09-30', 'jasmin.ramos@uol.com.br', 4),
(945, 'Fernando Aaron Casanova Neto', '46554611204', 'n', '2016-07-10', 'santiago.ian@pedrosa.com.br', 1),
(946, 'Ashley Maitê Sandoval Neto', '87921870397', 's', '1973-01-21', 'sergio35@hotmail.com', 1),
(947, 'Bianca Ferreira Jr.', '68124129804', 's', '1984-03-27', 'maia.sara@terra.com.br', 2),
(948, 'Sr. Eduardo Escobar Reis', '57328739380', 's', '1972-12-18', 'serra.hugo@zaragoca.br', 2),
(949, 'Miranda Rosa Filho', '54382505444', 'n', '2011-05-18', 'valentin.ramos@pacheco.org', 1),
(950, 'Srta. Allison Bittencourt Perez', '71816911022', 'n', '1986-08-06', 'ucolaco@hotmail.com', 2),
(951, 'Dr. Julieta Abreu Valência', '43009464344', 'n', '1975-09-22', 'tbrito@gmail.com', 2),
(952, 'Agostinho Santacruz Franco', '90664857053', 's', '1988-06-04', 'luis10@gmail.com', 1),
(953, 'Eduardo Maximiano Batista Jr.', '50698865656', 'n', '1984-06-27', 'toliveira@r7.com', 3),
(954, 'Sra. Nádia Julieta Salgado Filho', '46931357006', 's', '1983-05-18', 'pedro95@cruz.br', 2),
(955, 'Abgail Ferminiano Ferreira Sobrinho', '98713885094', 's', '2017-11-20', 'miguel62@leon.com.br', 1),
(956, 'Dr. Josefina Antonieta Solano', '31892429115', 'n', '1986-04-23', 'christopher.maldonado@toledo.com', 1),
(957, 'Noel Leandro Pacheco Sobrinho', '30609620492', 's', '1992-06-05', 'tsalazar@ig.com.br', 1),
(958, 'Sr. Jerônimo Maldonado Leon Jr.', '98740701987', 's', '2000-08-27', 'vicente23@correia.com', 3),
(959, 'Salomé Ashley Bezerra', '36175609882', 's', '2005-12-02', 'fernandes.tomas@gmail.com', 2),
(960, 'Sr. Christopher Domingues Ferminiano Jr.', '10501222554', 'n', '1991-12-28', 'rodrigo12@carrara.net.br', 1),
(961, 'Agostinho Galvão Benites', '34094754518', 'n', '2003-10-06', 'constancia29@tamoio.net', 4),
(962, 'Everton Aaron Branco', '73191187749', 'n', '2001-12-19', 'gil.agostinho@deoliveira.net', 3),
(963, 'Sr. Pedro Dominato Salazar Neto', '51084691700', 's', '2002-11-06', 'thales.assuncao@uol.com.br', 4),
(964, 'Dr. Ashley Salomé Soto Filho', '72254760563', 'n', '1999-05-14', 'gfontes@corona.net.br', 3),
(965, 'Sr. Natal Franco Lovato', '29442109642', 's', '1993-07-31', 'ketlin05@hotmail.com', 4),
(966, 'Sr. Sebastião Gonçalves', '40981658673', 's', '2009-10-08', 'samuel.dasneves@grego.br', 2),
(967, 'Tábata Uchoa Ávila Jr.', '94362331340', 'n', '1986-12-26', 'jferreira@terra.com.br', 1),
(968, 'Horácio João Soto Sobrinho', '13457308746', 'n', '1979-05-07', 'sara47@r7.com', 4),
(969, 'Mateus Joaquin das Dores', '53163878479', 's', '2009-11-19', 'apena@carrara.net.br', 4),
(970, 'Alan Camacho', '23018559943', 'n', '1990-05-13', 'fabiana88@terra.com.br', 3),
(971, 'Sr. Pedro Torres', '39638366908', 'n', '2005-09-12', 'correia.gabriel@solano.com', 2),
(972, 'Dr. Ana Matos', '33801417662', 's', '2008-09-01', 'maia.ariadna@leal.org', 2),
(973, 'Sr. José Soares Filho', '75997115750', 's', '1977-04-08', 'gpacheco@yahoo.com', 1),
(974, 'Srta. Vitória Assunção Toledo', '33428664118', 's', '2010-12-08', 'wmascarenhas@mendes.net.br', 2),
(975, 'Sr. Leandro Noel Rangel Jr.', '17642070129', 's', '1995-03-12', 'micaela23@r7.com', 4),
(976, 'Estêvão Joaquin Delvalle Filho', '14922562022', 's', '2006-08-02', 'isabel.dasneves@fonseca.com.br', 3),
(977, 'Dr. Santiago Marés Sobrinho', '44300197386', 's', '1990-05-06', 'hquintana@hotmail.com', 1),
(978, 'Ariana Delatorre Neto', '28272183421', 's', '2010-08-02', 'gil.guilherme@cortes.com.br', 1),
(979, 'Emílio Dante Colaço', '12173686367', 's', '1996-05-02', 'galvao.bruno@ig.com.br', 2),
(980, 'Fabiana Ornela Urias', '96529281297', 'n', '1980-10-14', 'ortiz.beatriz@ig.com.br', 4),
(981, 'Dr. Felipe Pedrosa Meireles', '79157077698', 'n', '1999-08-24', 'zmaldonado@hotmail.com', 3),
(982, 'Fernando Ivan Maia', '12381512178', 's', '1979-07-07', 'rbeltrao@dasilva.com.br', 4),
(983, 'Leandro Diego de Oliveira', '78014567969', 's', '1995-10-31', 'ariana50@lozano.net', 3),
(984, 'Tábata Michele Rivera', '24711284996', 's', '2014-09-16', 'regina.montenegro@yahoo.com', 1),
(985, 'Sr. Jorge Santacruz', '71124556851', 's', '1992-01-11', 'velasques.paulina@yahoo.com', 4),
(986, 'Sra. Ketlin Taís Sales Filho', '43986790482', 's', '1986-10-11', 'manuel74@correia.com', 4),
(987, 'Sr. Rafael Pena Benites', '94688567793', 's', '1972-09-17', 'fernando06@gmail.com', 3),
(988, 'Samuel Isaac Vega Neto', '59499008697', 's', '1982-09-26', 'maite.benites@r7.com', 3),
(989, 'Gustavo Aguiar Neto', '94452085052', 'n', '1976-07-12', 'natal40@queiros.com.br', 3),
(990, 'Beatriz Benites', '62431833264', 's', '1998-03-12', 'rodrigues.ivana@yahoo.com', 3),
(991, 'Srta. Sophie Madeira Sobrinho', '44998689834', 's', '2016-03-11', 'lucas43@ig.com.br', 2),
(992, 'Guilherme Teles Sobrinho', '71163324159', 's', '2002-04-03', 'leandro00@r7.com', 1),
(993, 'Rodrigo Lovato Serna', '81745181828', 'n', '2005-04-06', 'luna.cruz@fonseca.com', 3),
(994, 'Srta. Joana Noelí de Oliveira', '34094617767', 'n', '2014-03-29', 'helena.lovato@casanova.com', 2),
(995, 'Allison Jimenes Jr.', '18134821136', 's', '2008-01-01', 'pjimenes@leon.net', 3),
(996, 'Sra. Nádia Serna Oliveira', '39296103208', 'n', '1973-12-26', 'noel40@uol.com.br', 3),
(997, 'Guilherme Domingues', '66950798644', 's', '1978-08-08', 'gmares@gmail.com', 4),
(998, 'Alan Aragão Delgado Jr.', '27405196991', 's', '2000-05-26', 'estrada.carla@ig.com.br', 4),
(999, 'Sr. Carlos Simon Gomes', '47803035373', 's', '2007-02-05', 'acampos@r7.com', 4),
(1000, 'Dr. Thales Jerônimo Teles', '31783783892', 's', '2014-10-04', 'roque.evandro@benites.com.br', 3);
--
--
INSERT INTO produtos (id,descricao,unidade,data_cadastro) VALUES
(1, 'Mouse ótico preto Clone', 'un', '14/06/2008'),
(2, 'Impressora HP multifuncional Branca', 'un', '14/06/2008'),
(3, 'Notebook Acer Aspire 5610', 'un', '14/06/2008'),
(4, 'Bolsa para notebook Leadership', 'un', '14/06/2008'),
(5, 'Teclado sem fio preto Clone', 'un', '14/06/2008'),
(6, 'Web Câmera Leadership preta', 'un', '14/06/2008'),
(7, 'Roteador D-Link D-500', 'un', '14/06/2008'),
(8, 'Modem D-Link D-340', 'un', '14/06/2008'),
(9, 'Mouse comun USB branco', 'un', '14/06/2008'),
(10, 'Pad Mouse branco', 'un',  '14/06/2008'),
(11, 'Gravadora de DVD Sony', 'un', '14/06/2008'),
(12, 'DVD-R Maxell', 'un',  '14/06/2008'),
(13, 'DVD-RW Maxell 8X', 'un', '14/06/2008'),
(14, 'Pendrive Kingston 2GB branco', 'un', '14/06/2008'),
(15, 'Pendrive Kingston 4GB lilás', 'un', '14/06/2008'),
(16, 'Pendrive Kingston 8GB verde', 'un', '14/06/2008');
--
--
INSERT INTO pedidos (id,cliente,data_pedido,data_confirmacao) VALUES
(1, 1, '12/06/2008', '12/06/2008'),
(2, 1, '12/06/2008', '12/06/2008'),
(3, 2, '12/06/2008', '12/06/2008'),
(4, 2, '12/06/2008', '12/06/2008'),
(5, 2, '12/06/2008', '12/06/2008'),
(6, 1, '14/06/2008', '14/06/2008'),
(7, 3, '14/06/2008', '15/06/2008'),
(8, 3, '14/06/2008', '15/06/2008'),
(9, 4, '14/06/2008', '15/06/2008'),
(10, 4, '14/06/2008', '14/06/2008'),
(11, 4, '14/06/2008', '14/06/2008'),
(12, 4, '15/06/2008', '15/06/2008'),
(13, 5, '15/06/2008', '15/06/2008');
--
--
INSERT INTO pedido_itens (id,quantidade,preco_venda,pedido) VALUES
(1, 2, 15.00,1),
(2, 1, 10.20,1),
(3, 1, 38.50,1),
(4, 1, 10.20,2),
(5, 5, 1.35,2);

